split,year,province_idx,true_log_co2,stirpat_log_pred,residual_pred,hybrid_log_pred,true_co2,stirpat_co2_pred,hybrid_co2_pred,stirpat_abs_pct_err,hybrid_abs_pct_err
train,1995,0,4.650889,4.6480613,0.0050260485,4.653087,104.67799,104.38241,104.90835,0.002823761,0.0022005993
train,1996,0,4.7328506,4.721803,0.009326173,4.731129,113.61897,112.370705,113.42357,0.010986441,0.0017198189
train,1997,0,4.754331,4.745323,0.0051881117,4.750511,116.08598,115.044975,115.64339,0.00896756,0.0038126605
train,1998,0,4.7645473,4.759629,0.0037294426,4.763358,117.27803,116.70258,117.13863,0.004906691,0.0011886
train,1999,0,4.792803,4.783729,0.0050879964,4.788817,120.639015,119.549324,120.15913,0.009032659,0.0039778915
train,2000,0,4.851014,4.848434,0.00639217,4.854826,127.87,127.540504,128.35835,0.0025768224,0.0038191124
train,2001,0,4.919813,4.9181643,0.00952884,4.927693,136.977,136.75134,138.06062,0.0016474461,0.007910949
train,2002,0,4.976644,4.977664,0.008688232,4.9863524,144.98698,145.13495,146.40144,0.0010205363,0.009755767
train,2003,0,5.096079,5.0944614,0.0083037745,5.102765,163.38,163.11598,164.47607,0.0016160045,0.0067087114
train,2004,0,5.1047263,5.0963473,0.008401683,5.104749,164.79897,163.42387,164.80273,0.008344054,2.286981e-05
train,2005,0,5.180502,5.170014,0.008676887,5.178691,177.77202,175.91728,177.45035,0.01043323,0.0018094553
train,2006,0,5.3120675,5.3010345,0.012942003,5.3139763,202.76901,200.54413,203.15643,0.010972505,0.0019106502
train,2007,0,5.44978,5.4311094,0.013100328,5.4442096,232.70695,228.40251,231.41429,0.01849727,0.0055548986
train,2008,0,5.5813246,5.553722,0.014270881,5.5679927,265.42297,258.19678,261.90784,0.027225211,0.013243528
train,2009,0,5.684895,5.657731,0.0138252545,5.6715565,294.38696,286.49783,290.48633,0.026798502,0.013250026
train,2010,0,5.7196198,5.702049,0.013477711,5.7155266,304.789,299.48035,303.54398,0.017417476,0.004084877
train,2011,0,5.8174176,5.799158,0.01296233,5.8121204,336.103,330.02164,334.3273,0.018093739,0.0052831895
train,2012,0,5.8739386,5.860001,0.011607174,5.8716083,355.64697,350.72455,354.81915,0.01384076,0.0023276447
train,2013,0,5.9350634,5.9251847,0.009027276,5.934212,378.06393,374.34756,377.7423,0.009830003,0.00085071527
train,2014,0,5.958931,5.9534125,0.0068445434,5.960257,387.19595,385.06512,387.70978,0.005503231,0.0013270399
train,2015,0,5.9695306,5.969324,0.0062935525,5.975618,391.32193,391.24115,393.71127,0.00020642858,0.0061058253
train,2016,0,5.9852905,5.9886775,0.0052329027,5.9939103,397.538,398.88672,400.9795,0.003392693,0.008657029
train,2017,0,6.0006075,6.0067854,0.004480205,6.0112658,403.67395,406.17554,407.99942,0.0061970484,0.010715256
train,2018,0,6.031541,6.037078,0.003887706,6.0409656,416.35608,418.66785,420.29865,0.005552381,0.009469217
train,2019,0,6.048393,6.048349,0.0041217976,6.0524707,423.43195,423.41336,425.16214,4.3891836e-05,0.004086121
train,2020,0,6.056756,6.0625787,0.004754705,6.067333,426.98807,429.48148,431.52832,0.0058395267,0.010633208
train,1995,1,4.2040954,4.2194014,-0.012279045,4.2071223,66.96,67.99277,67.162994,0.01542366,0.0030315905
train,1996,1,4.285516,4.29629,-0.010138876,4.286151,72.64,73.426865,72.68616,0.010832396,0.0006354328
train,1997,1,4.238373,4.2699065,-0.007959111,4.2619476,69.295006,71.51495,70.94803,0.03203619,0.023854861
train,1998,1,4.246078,4.279516,-0.008151963,4.271364,69.831,72.205505,71.61927,0.03400358,0.025608527
train,1999,1,4.2621446,4.296081,-0.007760299,4.2883205,70.962006,73.41154,72.84403,0.034518916,0.02652161
train,2000,1,4.280534,4.3049374,-0.007441604,4.297496,72.27901,74.064575,73.515465,0.024703829,0.017106734
train,2001,1,4.2950926,4.304374,-0.0060392017,4.298335,73.339005,74.02287,73.577194,0.009324757,0.0032477903
train,2002,1,4.30443,4.3152504,-0.0047086044,4.3105416,74.02701,74.83236,74.48082,0.010879154,0.0061303526
train,2003,1,4.397863,4.4040093,-0.0017382945,4.4022713,81.276985,81.77809,81.63608,0.006165414,0.004418135
train,2004,1,4.4990873,4.497613,0.00062953355,4.4982424,89.93501,89.80251,89.859055,0.0014732827,0.0008445904
train,2005,1,4.5128136,4.5120153,0.0034355693,4.515451,91.177986,91.10524,91.41877,0.00079784915,0.0026408094
train,2006,1,4.563608,4.558204,0.0041891956,4.562393,95.92898,95.41198,95.8125,0.005389386,0.0012142104
train,2007,1,4.6208763,4.608464,0.0057783783,4.614242,101.58301,100.3299,100.91131,0.012335775,0.006612322
train,2008,1,4.6092715,4.5935006,0.008338766,4.6018395,100.41097,98.83983,99.66748,0.015647136,0.007404491
train,2009,1,4.6039896,4.588806,0.010988202,4.5997944,99.88202,98.376915,99.46386,0.015068819,0.0041865343
train,2010,1,4.6546364,4.634593,0.0123220645,4.646915,105.07101,102.98599,104.26283,0.01984386,0.007691695
train,2011,1,4.5869656,4.565603,0.01399862,4.5796013,98.196,96.12051,97.47552,0.021136226,0.0073371814
train,2012,1,4.6102076,4.5843043,0.015588623,4.599893,100.505,97.935036,99.47368,0.025570486,0.010261367
train,2013,1,4.5748963,4.5434046,0.016184252,4.559589,97.01798,94.010315,95.54419,0.031001134,0.015190926
train,2014,1,4.5475307,4.5158863,0.01740317,4.5332894,94.39902,91.45859,93.064186,0.031148944,0.014140309
train,2015,1,4.608186,4.56824,0.017565444,4.5858054,100.302025,96.37435,98.082146,0.039158463,0.022131948
train,2016,1,4.503115,4.468273,0.017985607,4.486259,90.29799,87.20601,88.788666,0.03424196,0.016714914
train,2017,1,4.4473343,4.417313,0.018653372,4.4359665,85.398994,82.873314,84.433685,0.029575061,0.011303519
train,2018,1,4.4891305,4.456541,0.01918192,4.475723,89.04399,86.188866,87.85808,0.03206421,0.0133182835
train,2019,1,4.483861,4.4465203,0.019788189,4.4663086,88.576004,85.329506,87.03485,0.036652118,0.017399216
train,2020,1,4.361569,4.3265004,0.019514054,4.3460145,78.38001,75.67898,77.17029,0.034460757,0.015434093
train,1995,2,3.8830473,3.8713226,0.0013861042,3.8727088,48.572002,48.005833,48.072426,0.011656298,0.010285279
train,1996,2,3.9463472,3.9362514,0.001776211,3.9380276,51.746006,51.226215,51.317284,0.0100450395,0.008285129
train,1997,2,4.0634727,4.0526595,0.0009679212,4.0536275,58.17599,57.55031,57.60604,0.010755001,0.009796998
train,1998,2,4.1641817,4.1557684,-0.0016201301,4.154148,64.34001,63.800972,63.697674,0.008377984,0.009983489
train,1999,2,4.2483525,4.2423253,-0.0016149771,4.2407103,69.99001,69.569435,69.45717,0.0060091144,0.007613151
train,2000,2,4.2987266,4.3047013,-0.00052128034,4.30418,73.606,74.047104,74.008514,0.0059927325,0.0054684617
train,2001,2,4.212098,4.215495,-0.00017434638,4.2153206,67.49801,67.72769,67.71587,0.0034028103,0.0032277247
train,2002,2,4.2898154,4.293442,0.00051537994,4.293957,72.953,73.21804,73.25579,0.0036329902,0.0041504498
train,2003,2,4.2417583,4.245286,6.7322515e-05,4.245353,69.53001,69.77572,69.7804,0.0035339028,0.0036012759
train,2004,2,4.270718,4.267671,-0.0001394935,4.2675314,71.57301,71.35526,71.3453,0.0030423554,0.0031815697
train,2005,2,4.476723,4.4784975,0.0005424977,4.47904,87.946014,88.102196,88.150024,0.0017758773,0.0023197187
train,2006,2,4.5884614,4.5890684,0.0006842264,4.5897527,98.343,98.40271,98.47006,0.00060713664,0.0012920079
train,2007,2,4.665164,4.6621957,0.0009777728,4.6631737,106.183,105.86828,105.97187,0.002963941,0.0019883432
train,2008,2,4.8833623,4.875085,0.0012409808,4.876326,132.07399,130.98528,131.14795,0.008243217,0.0070115295
train,2009,2,4.913199,4.9112897,-8.369982e-05,4.911206,136.074,135.81445,135.80305,0.0019074327,0.0019911982
train,2010,2,4.9646893,4.9690213,-0.0009919847,4.9680295,143.26402,143.886,143.74336,0.004341486,0.0033458476
train,2011,2,5.0771904,5.0697384,-0.0015094844,5.0682287,160.32298,159.13269,158.89264,0.00742434,0.008921638
train,2012,2,5.117335,5.111432,-0.0018597371,5.1095724,166.88998,165.90776,165.59952,0.0058854553,0.007732437
train,2013,2,5.0682373,5.0562243,-0.0020910655,5.0541334,158.894,156.99664,156.66872,0.0119410055,0.0140048135
train,2014,2,5.067463,5.0684032,6.6709705e-05,5.06847,158.77101,158.92038,158.93097,0.00094077806,0.0010074754
train,2015,2,5.0845175,5.089687,-0.0013916749,5.088295,161.502,162.33902,162.11322,0.0051827277,0.0037846053
train,2016,2,5.0503497,5.058677,-0.0026750783,5.056002,156.07704,157.38219,156.96175,0.008362186,0.005668384
train,2017,2,5.049221,5.058937,-0.0028676805,5.0560694,155.90097,157.4231,156.9723,0.009763411,0.0068718935
train,2018,2,5.0132055,5.0214324,-0.003866645,5.0175657,150.38603,151.62834,151.04318,0.008260804,0.004369756
train,2019,2,5.01476,5.018425,-0.004146348,5.0142784,150.61998,151.17302,150.54745,0.0036717542,0.00048150998
train,2020,2,5.0131187,5.018835,-0.0029859454,5.015849,150.37299,151.23503,150.78412,0.0057327137,0.002734087
train,1995,3,3.6759968,3.6744378,-0.0025520823,3.6718857,39.488,39.426483,39.325996,0.0015578355,0.004102577
train,1996,3,3.7963202,3.7849581,-0.0022112443,3.7827468,44.536995,44.03383,43.93656,0.011297713,0.013481677
train,1997,3,3.7605255,3.772774,-0.0022681537,3.770506,42.970997,43.50057,43.402016,0.012323929,0.01003046
train,1998,3,3.8193154,3.825702,-0.0056001577,3.8201017,45.572998,45.864983,45.608845,0.006406964,0.0007865778
train,1999,3,3.9402215,3.958581,-0.006720267,3.9518607,51.429993,52.38294,52.032093,0.018528989,0.011707184
train,2000,3,3.9716306,3.9753997,-0.0054701003,3.9699297,53.070995,53.271404,52.98081,0.0037762423,0.0016993665
train,2001,3,3.9999971,4.0057907,-0.0034213434,4.0023694,54.597996,54.91523,54.727665,0.0058103604,0.0023749808
train,2002,3,4.1778584,4.183683,-0.0034610848,4.180222,65.22601,65.60703,65.38036,0.005841528,0.0023663915
train,2003,3,4.391544,4.389093,-0.0022234092,4.3868694,80.765015,80.56731,80.38837,0.0024479427,0.0046635037
train,2004,3,4.5285053,4.5210123,0.00066581415,4.521678,92.62002,91.928604,91.989815,0.007465059,0.00680418
train,2005,3,4.768657,4.764331,0.0033974987,4.7677283,117.76101,117.25264,117.651665,0.004316959,0.0009285287
train,2006,3,4.8895745,4.8855085,0.0042153546,4.889724,132.89703,132.35776,132.91685,0.0040578493,0.0001491468
train,2007,3,5.0286193,5.02017,0.006623468,5.0267935,152.722,151.43707,152.44342,0.008413506,0.0018240968
train,2008,3,5.0983286,5.088087,0.009510618,5.0975976,163.74799,162.07953,163.62834,0.010189176,0.0007306604
train,2009,3,5.22169,5.20866,0.010766849,5.219427,185.24701,182.84888,184.82826,0.012945592,0.002260479
train,2010,3,5.2617884,5.256022,0.010473518,5.2664957,192.82603,191.71732,193.73587,0.0057498403,0.0047184285
train,2011,3,5.411003,5.395098,0.009753177,5.4048514,223.85602,220.32379,222.48317,0.015779011,0.00613273
train,2012,3,5.4038386,5.3931117,0.010877062,5.403989,222.25793,219.88654,222.29134,0.010669581,0.00015028255
train,2013,3,5.4198356,5.4089894,0.010367932,5.4193573,225.84198,223.4057,225.734,0.010787539,0.00047815047
train,2014,3,5.430345,5.428174,0.009961788,5.4381356,228.22797,227.73303,230.01295,0.0021685953,0.007821077
train,2015,3,5.393396,5.393945,0.008303098,5.4022484,219.94905,220.06989,221.90479,0.00054937426,0.00889176
train,2016,3,5.315779,5.3237486,0.006104264,5.329853,203.52304,205.15147,206.40765,0.008001223,0.014173398
train,2017,3,5.401226,5.402787,0.0041850754,5.4069724,221.67804,222.02438,222.95555,0.001562374,0.0057629147
train,2018,3,5.5127187,5.504134,0.0035066758,5.507641,247.82397,245.70561,246.56874,0.008547851,0.0050650216
train,2019,3,5.540883,5.5302057,0.0033709365,5.5335765,254.90302,252.1958,253.0473,0.010620566,0.0072800745
train,2020,3,5.534997,5.5257792,0.003107755,5.528887,253.40703,251.0819,251.86337,0.009175492,0.0060916045
train,1995,4,3.9441998,3.9443378,-0.008899972,3.935438,51.635002,51.64213,51.184563,0.00013807822,0.008723529
train,1996,4,3.9568052,3.954524,-0.00839024,3.9461339,52.29,52.170853,51.734962,0.002278605,0.01061462
train,1997,4,3.9102614,3.9242706,-0.008386284,3.9158843,49.912,50.616142,50.19344,0.0141077,0.005638739
train,1998,4,3.9266357,3.9405122,-0.01091335,3.9295988,50.735996,51.444942,50.886555,0.01397324,0.0029674883
train,1999,4,3.9536638,3.9686232,-0.011376527,3.9572465,52.126,52.91163,52.313087,0.015071736,0.0035891496
train,2000,4,4.0053678,4.0215535,-0.012120077,4.0094333,54.892006,55.7877,55.115627,0.0163174,0.004073842
train,2001,4,4.03818,4.0482984,-0.011235404,4.037063,56.723007,57.29987,56.65969,0.0101698125,0.0011162375
train,2002,4,4.130564,4.1273866,-0.011183608,4.116203,62.213017,62.01564,61.325935,0.0031725876,0.014258771
train,2003,4,4.265549,4.250799,-0.007700504,4.2430987,71.20401,70.16146,69.62326,0.014641719,0.022200288
train,2004,4,4.389722,4.3541713,-0.0043409388,4.34983,80.618,77.80232,77.46531,0.03492612,0.039106492
train,2005,4,4.497997,4.4817476,-0.0033341462,4.4784136,89.83699,88.38901,88.09481,0.016117891,0.019392679
train,2006,4,4.544188,4.527515,-0.00019947905,4.5273156,94.084,92.52833,92.50989,0.016534923,0.016730921
train,2007,4,4.6316466,4.6092443,-6.602425e-05,4.6091785,102.68301,100.40825,100.40164,0.022153202,0.022217546
train,2008,4,4.7101245,4.685346,0.0012164484,4.6865625,111.065994,108.34776,108.479645,0.02447402,0.023286602
train,2009,4,4.673081,4.6619453,0.0028999248,4.6648455,107.02698,105.84178,106.14918,0.011073805,0.00820167
train,2010,4,4.8547297,4.8377585,0.002731484,4.84049,128.34598,126.186195,126.53133,0.016827816,0.014138749
train,2011,4,5.0081453,4.982341,0.004171221,4.986512,149.62697,145.8153,146.42484,0.025474424,0.021400776
train,2012,4,5.057118,5.0398126,0.0074749333,5.0472875,157.137,154.44107,155.59982,0.017156513,0.009782359
train,2013,4,5.0630317,5.054418,0.0075982255,5.0620165,158.069,156.7133,157.90862,0.008576619,0.0010146527
train,2014,4,5.0584154,5.0567427,0.0067996443,5.0635424,157.341,157.07803,158.14975,0.0016713379,0.005140086
train,2015,4,5.05115,5.059465,0.0034978543,5.062963,156.20197,157.50621,158.05815,0.008349735,0.011883243
train,2016,4,5.0183854,5.0306973,0.000750436,5.031448,151.16704,153.0397,153.1546,0.012388054,0.013148132
train,2017,4,5.016869,5.029347,-0.0010431609,5.0283036,150.93799,152.83318,152.6738,0.012556066,0.011500149
train,2018,4,5.065565,5.075158,-0.0032278276,5.0719304,158.46997,159.99748,159.4819,0.009639123,0.006385641
train,2019,4,5.066272,5.077437,-0.003237383,5.0741997,158.58199,160.3625,159.84422,0.011227742,0.007959527
train,2020,4,5.1214666,5.133824,-0.003594359,5.1302295,167.58096,169.66464,169.05591,0.012433866,0.008801388
train,1995,5,5.051662,5.064422,0.0004965761,5.0649185,156.28198,158.28894,158.36754,0.012841903,0.013344827
train,1996,5,5.118377,5.1304054,0.004296794,5.134702,167.06403,169.08565,169.81374,0.01210088,0.01645902
train,1997,5,5.128815,5.155845,0.004508274,5.1603537,168.81699,173.44232,174.22606,0.027398521,0.032041047
train,1998,5,5.154522,5.18364,0.0014888574,5.1851287,173.21298,178.33076,178.59644,0.029546184,0.031079965
train,1999,5,5.207752,5.233258,-0.00040142378,5.2328563,182.68297,187.40231,187.32709,0.025833525,0.025421742
train,2000,5,5.302867,5.304749,-0.0007123281,5.3040366,200.91197,201.29048,201.14714,0.0018839571,0.001170505
train,2001,5,5.351422,5.3482785,0.0020551323,5.3503337,210.90796,210.24605,210.67859,0.003138388,0.0010875366
train,2002,5,5.448903,5.444874,0.0056183157,5.450492,232.50299,231.56805,232.8727,0.004021181,0.0015901094
train,2003,5,5.555356,5.553816,0.0067803147,5.560596,258.61902,258.221,259.97775,0.001538983,0.005253806
train,2004,5,5.6855674,5.6761045,0.0055843224,5.681689,294.58496,291.8105,293.44458,0.009418251,0.0038711443
train,2005,5,5.8243675,5.8178983,0.0061452,5.8240433,338.44702,336.26462,338.33728,0.006448287,0.0003242493
train,2006,5,5.913481,5.9025164,0.0067487885,5.909265,369.99194,365.95718,368.43527,0.010904993,0.0042073107
train,2007,5,5.987996,5.9757457,0.006474716,5.98222,398.61502,393.7616,396.31927,0.012175718,0.005759306
train,2008,5,5.999021,5.9869933,0.0067907316,5.993784,403.03403,398.2155,400.9288,0.011955596,0.0052234414
train,2009,5,6.0364356,6.0278945,0.007169438,6.0350637,418.39902,414.84064,417.82547,0.008504753,0.0013708143
train,2010,5,6.104166,6.090057,0.006846378,6.0969033,447.7191,441.44653,444.47925,0.014010018,0.0072363177
train,2011,5,6.2155356,6.193326,0.006337755,6.1996636,500.464,489.4714,492.5833,0.021964785,0.01574674
train,2012,5,6.177442,6.1598463,0.0063186777,6.166165,481.7581,473.35532,476.3557,0.01744189,0.0112138735
train,2013,5,6.1960897,6.172962,0.006066417,6.1790285,490.82602,479.60468,482.52295,0.022862162,0.016916525
train,2014,5,6.1733775,6.153845,0.007040042,6.160885,479.8039,470.523,473.84717,0.019343078,0.012414918
train,2015,5,6.179913,6.161854,0.0060469494,6.1679006,482.94998,474.30652,477.18323,0.017897222,0.011940686
train,2016,5,6.161975,6.1484785,0.003974783,6.1524534,474.36395,468.00476,469.86877,0.0134057235,0.009476222
train,2017,5,6.228771,6.209058,0.0029068715,6.2119646,507.1319,497.23254,498.68002,0.019520273,0.016666027
train,2018,5,6.2422194,6.2240047,0.0033595082,6.227364,513.99805,504.7205,506.41882,0.018049791,0.0147456275
train,2019,5,6.2369037,6.2183523,0.0038696877,6.222222,511.27298,501.87564,503.82144,0.018380277,0.01457448
train,2020,5,6.2741895,6.253216,0.003944093,6.2571597,530.69604,519.6813,521.7349,0.020755328,0.0168856
train,1995,6,4.0723886,4.0436697,-0.0018683728,4.0418015,58.697002,57.03526,56.928806,0.028310528,0.03012413
train,1996,6,4.0715365,4.0405684,0.00060616387,4.0411744,58.64701,56.858646,56.89312,0.0304937,0.02990589
train,1997,6,4.014417,4.0085754,-0.0030533802,4.0055223,55.391003,55.068367,54.900486,0.0058246944,0.008855529
train,1998,6,4.0180755,4.019298,-0.006709719,4.0125885,55.59401,55.662025,55.289803,0.0012234421,0.005471936
train,1999,6,4.035143,4.0364065,-0.008052923,4.0283537,56.551003,56.622505,56.168365,0.0012643929,0.006766229
train,2000,6,4.0985856,4.0984387,-0.009405592,4.089033,60.255005,60.246155,59.682163,0.00014687738,0.009506956
train,2001,6,4.0554476,4.0676436,-0.008417672,4.059226,57.710987,58.41914,57.92946,0.012270675,0.0037856142
train,2002,6,4.051193,4.066035,-0.008962439,4.057072,57.465984,58.325233,57.80482,0.0149523085,0.0058962996
train,2003,6,4.1927257,4.203797,-0.008492302,4.1953044,66.202995,66.94002,66.37393,0.011132766,0.0025820069
train,2004,6,4.389821,4.3904977,-0.008961292,4.3815365,80.62599,80.680565,79.96079,0.00067686685,0.008250432
train,2005,6,4.4078894,4.418107,-0.0071453406,4.4109616,82.09601,82.93913,82.34862,0.01026998,0.003076998
train,2006,6,4.6049104,4.6048183,-0.0057827723,4.5990357,99.974014,99.96482,99.38843,9.19581e-05,0.0058573876
train,2007,6,4.8206043,4.811958,-0.0048097884,4.807148,124.04003,122.972145,122.38208,0.008609207,0.013366261
train,2008,6,4.829577,4.822717,-0.0028723916,4.8198447,125.158005,124.302376,123.94585,0.00683639,0.009685024
train,2009,6,4.965268,4.958221,-0.0018558996,4.956365,143.34698,142.34035,142.07643,0.007022384,0.008863484
train,2010,6,5.123136,5.1202683,-0.001582698,5.1186857,167.86096,167.38028,167.1156,0.0028635745,0.0044403495
train,2011,6,5.2501454,5.2438407,-0.00060002087,5.243241,190.59398,189.3961,189.28255,0.0062849624,0.0068807625
train,2012,6,5.2951674,5.2934604,0.00037670927,5.293837,199.37102,199.03094,199.10594,0.0017057275,0.0013295597
train,2013,6,5.334148,5.330032,8.674478e-05,5.3301187,207.29602,206.44455,206.46246,0.004107512,0.0040210956
train,2014,6,5.296476,5.302158,-0.000119054224,5.3020387,199.63203,200.76958,200.74564,0.0056981975,0.0055782716
train,2015,6,5.2472343,5.259225,-0.0030230652,5.2562017,190.03996,192.33234,191.75179,0.012062588,0.009007698
train,2016,6,5.277635,5.292313,-0.006119789,5.2861934,195.90602,198.80273,197.58984,0.014786239,0.008595053
train,2017,6,5.3022747,5.323829,-0.008688072,5.315141,200.79303,205.16801,203.39322,0.021788528,0.012949599
train,2018,6,5.3601694,5.3753014,-0.011321891,5.3639793,212.76099,216.00496,213.57314,0.015247028,0.0038171897
train,2019,6,5.431602,5.44521,-0.010512078,5.434698,228.51503,231.64592,229.22363,0.0137010235,0.0031009028
train,2020,6,5.510036,5.524045,-0.009910956,5.514134,247.16003,250.64684,248.17494,0.014107464,0.004106278
train,1995,7,4.1868477,4.19886,-0.015170427,4.1836896,65.81499,66.61037,65.607475,0.012085084,0.0031529581
train,1996,7,4.255258,4.2623653,-0.008978864,4.2533865,70.475,70.97767,70.34322,0.0071326043,0.0018698106
train,1997,7,4.349232,4.3593063,-0.0061829686,4.353123,77.419,78.202866,77.720825,0.0101249935,0.00389861
train,1998,7,4.412374,4.4209294,-0.006569013,4.4143605,82.465004,83.17356,82.62898,0.008592216,0.0019884626
train,1999,7,4.430031,4.434923,-0.0065284204,4.428395,83.934006,84.34564,83.7968,0.004904286,0.0016347014
train,2000,7,4.4876585,4.487324,-0.005136066,4.482188,88.91301,88.8833,88.42796,0.00033413403,0.0054552914
train,2001,7,4.486285,4.4914746,-0.0031417902,4.4883327,88.79099,89.25296,88.972984,0.0052028643,0.0020496626
train,2002,7,4.5362167,4.5375795,-0.0015851713,4.5359945,93.33701,93.464294,93.31627,0.0013636732,0.00022225185
train,2003,7,4.764564,4.7537208,-0.0021835975,4.7515373,117.27998,116.01514,115.762115,0.010784848,0.01294226
train,2004,7,4.8602,4.844108,-0.00058729574,4.8435206,129.05,126.98997,126.91539,0.015963081,0.016540976
train,2005,7,4.999972,4.986051,7.284479e-05,4.986124,148.40898,146.35735,146.36801,0.013824202,0.013752334
train,2006,7,5.150432,5.1269846,0.003455508,5.13044,172.50603,168.50822,169.09154,0.023174858,0.019793453
train,2007,7,5.1989,5.175154,0.006057628,5.181212,181.07298,176.82388,177.89827,0.023466228,0.017532783
train,2008,7,5.1356807,5.1156507,0.009507205,5.125158,169.97998,166.60915,168.20068,0.019830773,0.010467685
train,2009,7,5.237957,5.22188,0.010917161,5.232797,188.28505,185.28218,187.31601,0.015948525,0.005146664
train,2010,7,5.2597895,5.249144,0.012473121,5.261617,192.44098,190.40321,192.79301,0.010589042,0.0018293168
train,2011,7,5.3349147,5.3215046,0.011637272,5.333142,207.45506,204.69164,207.08759,0.013320609,0.0017713591
train,2012,7,5.4193397,5.407211,0.01130075,5.4185114,225.73,223.00871,225.54312,0.012055478,0.0008278669
train,2013,7,5.4936085,5.474523,0.010271907,5.484795,243.13297,238.53668,240.99957,0.018904401,0.008774591
train,2014,7,5.4448824,5.433325,0.01233251,5.4456573,231.57004,228.90907,231.74956,0.011490973,0.0007752283
train,2015,7,5.4114275,5.4058185,0.011744631,5.417563,223.95105,222.69841,225.32932,0.005593364,0.0061543155
train,2016,7,5.5125613,5.5004463,0.010221871,5.5106683,247.78497,244.80116,247.31635,0.012041935,0.0018912685
train,2017,7,5.5476313,5.5340824,0.0093407575,5.543423,256.62897,253.17537,255.5513,0.013457553,0.0041993205
train,2018,7,5.551237,5.5394692,0.0093345195,5.548804,257.556,254.54288,256.93002,0.011698903,0.0024304483
train,2019,7,5.5930595,5.5765343,0.010027811,5.586562,268.55603,264.15454,266.81677,0.016389463,0.006476331
train,2020,7,5.602923,5.5859914,0.01028591,5.596277,271.21802,266.66452,269.42154,0.016789066,0.006623742
train,1995,8,1.5275769,1.582122,-0.011370843,1.5707511,4.6070004,4.8652687,4.81026,0.056059983,0.044119697
train,1996,8,1.6152211,1.6683358,-0.0063257157,1.6620101,5.029,5.3033347,5.2698927,0.05455059,0.047900755
train,1997,8,1.7832232,1.7883025,-0.006258638,1.7820439,5.949,5.979294,5.9419885,0.005092275,0.001178587
train,1998,8,2.1196234,2.2359755,-0.003328079,2.2326474,8.328,9.355603,9.324519,0.123391345,0.11965887
train,1999,8,1.8923587,1.9090173,-0.0014426145,1.9075747,6.6349998,6.7464557,6.7367296,0.01679818,0.0153323095
train,2000,8,1.9619241,1.965087,0.00017747702,1.9652646,7.1130004,7.1355343,7.1368003,0.003167987,0.0033459715
train,2001,8,2.0199568,2.013476,0.0015799147,2.015056,7.537999,7.489304,7.501147,0.0064599486,0.004888878
train,2002,8,2.3220935,2.3156192,0.003156139,2.3187754,10.196999,10.131195,10.16322,0.006453225,0.0033125621
train,2003,8,2.537262,2.5317996,0.0066328165,2.5384324,12.645,12.576117,12.659809,0.0054475204,0.0011711075
train,2004,8,2.4553921,2.4723535,0.009006349,2.4813597,11.651001,11.850303,11.957511,0.017105974,0.026307609
train,2005,8,2.8312702,2.795019,0.005180242,2.8001993,16.967,16.362938,16.447924,0.03560212,0.030593235
train,2006,8,2.9703119,2.9356537,0.015741022,2.9513948,19.498,18.83381,19.132622,0.03406444,0.018739227
train,2007,8,3.0661442,3.029761,0.021427402,3.0511885,21.459002,20.692287,21.140453,0.03572925,0.014844502
train,2008,8,3.167035,3.1320508,0.023258217,3.155309,23.737001,22.920935,23.460281,0.03437952,0.011657751
train,2009,8,3.257789,3.2182848,0.025133047,3.243418,25.992,24.985231,25.621145,0.03873381,0.0142680565
train,2010,8,3.269721,3.2406046,0.02756356,3.2681682,26.304,25.549164,26.263187,0.028696662,0.001551606
train,2011,8,3.5163994,3.4834661,0.028030552,3.5114968,33.663002,32.572426,33.49837,0.03239688,0.004890559
train,2012,8,3.5862374,3.5460947,0.030455217,3.5765498,36.098,34.677624,35.749985,0.03934777,0.009640834
train,2013,8,3.7165675,3.6659043,0.03236227,3.6982665,41.122997,39.09147,40.377247,0.049401276,0.018134631
train,2014,8,3.710739,3.6625385,0.035699744,3.6982384,40.884007,38.96012,40.376118,0.047057163,0.012422677
train,2015,8,3.7675982,3.7165806,0.03788814,3.7544687,43.275997,41.12354,42.711517,0.049737923,0.013043717
train,2016,8,3.6529415,3.6135843,0.03884366,3.652428,38.588005,37.098785,38.568195,0.03859281,0.0005133648
train,2017,8,3.7398338,3.6943812,0.03826096,3.7326422,42.090996,40.220676,41.789375,0.044435143,0.007165915
train,2018,8,3.772416,3.7277524,0.039113417,3.766866,43.485004,41.585537,43.244324,0.043680977,0.0055347974
train,2019,8,3.7491746,3.709303,0.039557382,3.7488604,42.486,40.825336,42.47265,0.039087314,0.00031425507
train,2020,8,3.701203,3.660436,0.04006125,3.7004972,40.495995,38.878284,40.46742,0.03994741,0.0007056475
train,1995,9,5.3653684,5.351511,0.014649954,5.366161,213.87,210.92677,214.03955,0.013761735,0.00079279783
train,1996,9,5.3984027,5.3806205,0.016302101,5.3969226,221.05304,217.157,220.72609,0.017624918,0.0014790571
train,1997,9,5.4286523,5.43627,0.014196103,5.450466,227.84196,229.58429,232.8667,0.007647076,0.022053596
train,1998,9,5.432516,5.4336357,0.007989217,5.441625,228.72401,228.98022,230.81699,0.0011201724,0.009150643
train,1999,9,5.492613,5.490811,0.0069334027,5.497744,242.891,242.45374,244.14055,0.0018002772,0.0051444564
train,2000,9,5.56995,5.5659094,0.00716655,5.573076,262.42102,261.36276,263.24252,0.0040326724,0.003130476
train,2001,9,5.635832,5.631488,0.008526251,5.640014,280.292,279.07703,281.46667,0.0043346435,0.0041909246
train,2002,9,5.7291803,5.72474,0.008211456,5.7329516,307.71695,306.3536,308.87964,0.004430508,0.0037784374
train,2003,9,5.8597884,5.8535223,0.0072785863,5.8608007,350.64996,348.45963,351.0051,0.006246509,0.0010127851
train,2004,9,5.990539,5.9789314,0.0066487496,5.98558,399.62997,395.01804,397.6531,0.011540522,0.0049467455
train,2005,9,6.1524324,6.1417046,0.0070123677,6.148717,469.85892,464.8452,468.11636,0.010670655,0.0037086743
train,2006,9,6.197299,6.1889443,0.0035413024,6.192486,491.41992,487.3314,489.0603,0.008319832,0.004801635
train,2007,9,6.2590766,6.250292,0.001835831,6.2521276,522.736,518.164,519.11615,0.00874633,0.006924859
train,2008,9,6.3161407,6.305207,0.0010635857,6.3062706,553.4329,547.41473,547.99744,0.010874287,0.009821399
train,2009,9,6.343587,6.3383436,0.00068225013,6.339026,568.833,565.8583,566.2445,0.0052295336,0.0045505464
train,2010,9,6.4473643,6.4425225,-0.0012268606,6.4412956,631.0369,627.9889,627.2189,0.0048302,0.006050445
train,2011,9,6.5597625,6.5551934,-0.003670517,6.5515227,706.10394,702.8851,700.30975,0.0045586377,0.008205859
train,2012,9,6.572646,6.573227,-0.005983818,6.567243,715.2601,715.67554,711.4059,0.0005808605,0.0053885113
train,2013,9,6.579841,6.5858054,-0.0076382323,6.578167,720.42487,724.7345,719.2198,0.0059820693,0.0016727325
train,2014,9,6.549383,6.5600142,-0.011461195,6.548553,698.813,706.28174,698.23315,0.010687767,0.0008297413
train,2015,9,6.5278907,6.545102,-0.013682552,6.5314198,683.95404,695.8278,686.372,0.017360494,0.0035352795
train,2016,9,6.536838,6.5561075,-0.016789975,6.5393176,690.1011,703.52795,691.8144,0.019456396,0.0024827057
train,2017,9,6.5296555,6.5499873,-0.018212697,6.5317745,685.1621,699.2353,686.61554,0.020539928,0.002121294
train,2018,9,6.632164,6.6554337,-0.018510453,6.6369233,759.1231,776.9948,762.7446,0.023542564,0.0047706636
train,2019,9,6.613607,6.6377974,-0.02405343,6.613744,745.1659,763.4116,745.26794,0.024485458,0.00013695042
train,2020,9,6.6210127,6.6459923,-0.025211003,6.6207814,750.70496,769.69336,750.5314,0.025294095,0.00023122797
train,1995,10,4.7533746,4.738517,0.002859212,4.741376,115.975,114.2646,114.59176,0.01474797,0.0119270515
train,1996,10,4.7737308,4.757542,0.00023148814,4.7577734,118.359985,116.459335,116.486275,0.016058214,0.015830608
train,1997,10,4.8436437,4.8379836,-0.0011295183,4.836854,126.93099,126.2146,126.0721,0.0056439526,0.0067666243
train,1998,10,4.804406,4.796476,-0.002923774,4.793552,122.047,121.08296,120.72943,0.007898884,0.010795562
train,1999,10,4.772784,4.781886,-0.00483997,4.777046,118.24802,119.32919,118.75305,0.009143298,0.0042709843
train,2000,10,4.77761,4.781486,-0.009315856,4.77217,118.82001,119.28148,118.17541,0.0038837867,0.0054250117
train,2001,10,4.74992,4.7529125,-0.00872541,4.744187,115.57503,115.92142,114.91433,0.0029970987,0.005716615
train,2002,10,4.702315,4.7119064,-0.00969943,4.702207,110.20199,111.26408,110.19011,0.009637648,0.00010779268
train,2003,10,4.7992225,4.808951,-0.010292774,4.798658,121.41598,122.60293,121.34744,0.009775902,0.0005644632
train,2004,10,4.86554,4.866317,-0.008651892,4.857665,129.741,129.84181,128.7233,0.0007770467,0.007844091
train,2005,10,5.012507,5.0026836,-0.0075755552,4.995108,150.281,148.81198,147.68892,0.009775185,0.017248265
train,2006,10,5.149098,5.137208,-0.005774772,5.131433,172.27602,170.23979,169.25949,0.011819546,0.017509839
train,2007,10,5.1795225,5.1704326,-0.005120141,5.1653123,177.59798,175.99095,175.09213,0.009048668,0.014109643
train,2008,10,5.2669506,5.2470713,-0.005471169,5.2416,193.824,190.00897,188.97221,0.019682974,0.025031943
train,2009,10,5.2765164,5.2740383,-0.0035689403,5.270469,195.687,195.20267,194.5072,0.00247502,0.0060289865
train,2010,10,5.341396,5.339771,-0.006053274,5.3337173,208.80396,208.46494,207.2068,0.0016236271,0.007649054
train,2011,10,5.458031,5.4544325,-0.0057635945,5.448669,234.63503,233.79214,232.44856,0.0035923037,0.009318568
train,2012,10,5.5221405,5.5229273,-0.0057313996,5.5171957,250.16995,250.36687,248.93596,0.0007871236,0.004932621
train,2013,10,5.506713,5.512543,-0.009237241,5.503306,246.34006,247.78047,245.50221,0.0058472604,0.0034011719
train,2014,10,5.5612698,5.567098,-0.011799747,5.5552983,260.15295,261.67368,258.60413,0.00584549,0.005953529
train,2015,10,5.5798883,5.5905175,-0.014303528,5.576214,265.04202,267.8742,264.06992,0.010685791,0.0036677464
train,2016,10,5.623472,5.637079,-0.017303951,5.619775,276.849,280.6417,275.82724,0.013699505,0.0036906726
train,2017,10,5.5973845,5.6197677,-0.018288694,5.601479,269.72,275.82532,270.82666,0.022635756,0.004102992
train,2018,10,5.5305,5.551995,-0.01922898,5.532766,252.26999,257.75122,252.84227,0.02172764,0.0022685255
train,2019,10,5.6158,5.6499066,-0.017148435,5.632758,274.73303,284.26492,279.43176,0.034695104,0.017102895
train,2020,10,5.5960712,5.6392627,-0.017271578,5.621991,269.36606,281.25528,276.43927,0.044137783,0.026258733
train,1995,11,5.0983105,5.0688133,0.006417737,5.075231,163.74501,158.98555,160.00917,0.029066293,0.022814984
train,1996,11,5.1160636,5.091805,0.005865332,5.09767,166.67796,162.68323,163.6402,0.02396679,0.018225357
train,1997,11,5.134327,5.139514,0.0014813659,5.1409955,169.75003,170.63281,170.8858,0.005200482,0.006690854
train,1998,11,5.1402354,5.1475687,-0.0038963924,5.1436725,170.75597,172.01277,171.34386,0.0073602432,0.0034428702
train,1999,11,5.1640086,5.171677,-0.0053664404,5.166311,174.86401,176.21011,175.26704,0.007697981,0.0023048217
train,2000,11,5.2399783,5.2370725,-0.0053372304,5.231735,188.66602,188.11858,187.1172,0.0029016333,0.008209283
train,2001,11,5.3035836,5.3032084,-0.0002588923,5.3029494,201.05602,200.98059,200.92857,0.0003751402,0.0006338602
train,2002,11,5.3812375,5.378434,-0.0022810022,5.376153,217.29102,216.68274,216.18898,0.0027993626,0.0050717033
train,2003,11,5.474843,5.4696813,-0.001671649,5.4680095,238.613,237.3845,236.98799,0.0051485053,0.0068102544
train,2004,11,5.7067513,5.6929245,-0.0015971954,5.691327,300.892,296.76022,296.28656,0.013731754,0.015305951
train,2005,11,5.889889,5.877947,-0.0017132382,5.8762336,361.36508,357.07535,356.4641,0.011870914,0.013562379
train,2006,11,6.003818,5.9940066,-0.00213113,5.9918756,404.97205,401.01813,400.1645,0.009763435,0.011871329
train,2007,11,6.111077,6.097068,-0.0031819898,6.093886,450.82388,444.55237,443.14005,0.0139112305,0.017043991
train,2008,11,6.105001,6.092539,-0.004124298,6.0884147,448.09305,442.54355,440.72214,0.012384703,0.01644951
train,2009,11,6.1360474,6.1314607,-0.0050598043,6.126401,462.22296,460.10773,457.78558,0.004576221,0.0096000815
train,2010,11,6.2115774,6.212107,-0.006430091,6.205677,498.48694,498.75113,495.55432,0.0005299852,0.005883037
train,2011,11,6.3170295,6.3178205,-0.008233797,6.3095865,553.9251,554.36346,549.81757,0.00079136057,0.0074153417
train,2012,11,6.2523623,6.2607164,-0.010034537,6.250682,519.238,523.5939,518.3662,0.008389017,0.0016789318
train,2013,11,6.2451663,6.256267,-0.012591442,6.2436757,515.51495,521.2694,514.74713,0.011162539,0.0014894278
train,2014,11,6.270973,6.293093,-0.012859555,6.280234,528.99194,540.82367,533.9135,0.022366552,0.009303676
train,2015,11,6.1858606,6.2097163,-0.013917489,6.195799,485.83087,497.5601,490.6833,0.024142595,0.009987873
train,2016,11,6.214126,6.239477,-0.015552495,6.2239246,499.7591,512.59045,504.68002,0.02567509,0.009846603
train,2017,11,6.1763473,6.2062984,-0.016412007,6.1898866,481.23093,495.86237,487.79077,0.030404195,0.013631387
train,2018,11,6.133166,6.16608,-0.016424067,6.149656,460.8929,476.31528,468.5561,0.033461925,0.016626807
train,2019,11,6.055528,6.093075,-0.01660022,6.0764747,426.46408,442.78076,435.49124,0.03826039,0.021167459
train,2020,11,6.0757184,6.1149917,-0.01914002,6.0958514,435.16202,452.5923,444.0119,0.04005466,0.020336986
train,1995,12,4.7666087,4.7556105,-0.0018934119,4.753717,117.52001,116.23459,116.0147,0.01093791,0.012808968
train,1996,12,4.830184,4.808589,0.0010832702,4.8096724,125.23401,122.55856,122.69141,0.02136357,0.020302812
train,1997,12,4.8860164,4.8793674,0.0029229964,4.8822904,132.42499,131.54741,131.9325,0.0066269874,0.0037190313
train,1998,12,4.8876762,4.8777647,0.0004369733,4.8782015,132.64497,131.33676,131.39413,0.00986251,0.009429978
train,1999,12,4.915489,4.907095,-0.00058034016,4.9065146,136.38602,135.24594,135.16748,0.008359183,0.008934467
train,2000,12,5.0746675,5.05414,-0.0018356736,5.0523043,159.91902,156.66975,156.3824,0.020318206,0.022115074
train,2001,12,4.9169984,4.914997,5.7856087e-05,4.915055,136.592,136.31891,136.32678,0.0019992867,0.0019416439
train,2002,12,4.987196,4.996015,-0.0009875777,4.9950275,146.525,147.82292,147.67702,0.008858064,0.007862299
train,2003,12,5.1054664,5.10523,-0.0031413431,5.1020885,164.92097,164.88196,164.36482,0.0002365783,0.0033722355
train,2004,12,5.199993,5.190551,-0.0021187845,5.188432,181.27098,179.56743,179.18741,0.0093978215,0.011494242
train,2005,12,5.276251,5.2665668,-0.0009560636,5.2656107,195.63503,193.74963,193.56448,0.009637289,0.010583695
train,2006,12,5.387193,5.377204,-0.0010925974,5.3761115,218.58899,216.4163,216.18001,0.009939585,0.011020598
train,2007,12,5.465906,5.4553294,-0.0017934251,5.453536,236.49005,234.00195,233.58266,0.0105209425,0.0122939395
train,2008,12,5.4941063,5.4886603,-0.0020969468,5.486563,243.25401,241.93288,241.42604,0.0054310984,0.007514665
train,2009,12,5.5561676,5.5556297,-0.0033135987,5.552316,258.829,258.6898,257.83408,0.00053788867,0.003843982
train,2010,12,5.73316,5.720227,-0.0047330423,5.7154937,308.944,304.9741,303.53403,0.012849933,0.017511178
train,2011,12,5.851222,5.8353567,-0.004323052,5.8310337,347.65897,342.1868,340.71072,0.015740046,0.019985799
train,2012,12,5.8320117,5.823505,-0.0056804395,5.8178244,341.0441,338.1552,336.23975,0.008470709,0.014087186
train,2013,12,5.825484,5.811309,-0.008328127,5.802981,338.825,334.0561,331.2856,0.014074879,0.022251599
train,2014,12,5.6461782,5.6555734,-0.008283611,5.6472898,283.20706,285.88034,283.522,0.009439308,0.0011120535
train,2015,12,5.633199,5.646106,-0.009610899,5.6364946,279.55502,283.18652,280.47784,0.0129902875,0.0033010354
train,2016,12,5.641336,5.6550465,-0.009899832,5.645147,281.839,285.72977,282.9151,0.013804966,0.003818176
train,2017,12,5.687531,5.7016387,-0.009461852,5.692177,295.16394,299.35754,296.53845,0.01420771,0.004656774
train,2018,12,5.670119,5.686724,-0.009686016,5.677038,290.069,294.9259,292.08307,0.016743958,0.006943412
train,2019,12,5.737823,5.7492876,-0.01011949,5.739168,310.38794,313.96692,310.80576,0.011530666,0.0013461096
train,2020,12,5.6518188,5.674611,-0.011055179,5.663556,284.809,291.37497,288.1716,0.023053974,0.011806544
train,1995,13,4.756242,4.7121544,0.011820748,4.723975,116.30799,111.29167,112.615036,0.04312962,0.031751517
train,1996,13,4.7844205,4.74229,0.013725188,4.7560153,119.63202,114.696556,116.28166,0.041255366,0.028005522
train,1997,13,4.6438136,4.649173,0.012706136,4.661879,103.93998,104.498505,105.83477,0.0053735347,0.018229662
train,1998,13,4.6888494,4.69213,0.004925423,4.6970553,108.72801,109.08529,109.62389,0.0032859694,0.008239659
train,1999,13,4.486454,4.4904485,0.00033698557,4.4907856,88.805984,89.16142,89.19149,0.0040024132,0.0043409877
train,2000,13,4.44291,4.4473314,-0.001635076,4.4456964,85.02201,85.39874,85.259224,0.004430992,0.0027900203
train,2001,13,4.449475,4.4632273,-0.0018845294,4.461343,85.581985,86.76708,86.60372,0.013847502,0.011938683
train,2002,13,4.5601416,4.5738864,-0.004354616,4.569532,95.59701,96.92005,96.498924,0.013839804,0.009434569
train,2003,13,4.7089353,4.7120957,-0.005304891,4.706791,110.93398,111.28514,110.69636,0.0031654695,0.0021420408
train,2004,13,4.8220944,4.824739,-0.0037345788,4.8210044,124.225,124.553955,124.08967,0.002648071,0.0010893958
train,2005,13,5.197347,5.203056,-0.003041285,5.2000146,180.79199,181.82703,181.27487,0.005725,0.0026709128
train,2006,13,5.316241,5.3169713,-0.0040928666,5.3128786,203.617,203.76581,202.93356,0.00073080196,0.0033565033
train,2007,13,5.4108644,5.4071345,-0.0040253014,5.403109,223.82497,222.99168,222.09584,0.00372292,0.007725349
train,2008,13,5.432101,5.4334764,-0.0028309915,5.4306455,228.62903,228.94379,228.29655,0.0013767206,0.0014542062
train,2009,13,5.471598,5.479702,-0.003046725,5.4766555,237.84001,239.77524,239.04587,0.008136673,0.005070031
train,2010,13,5.5560017,5.563756,-0.0050151176,5.558741,258.78604,260.80057,259.49597,0.007784525,0.0027433103
train,2011,13,5.6635404,5.6693015,-0.006933202,5.6623683,288.16705,289.832,287.8295,0.005777716,0.0011713863
train,2012,13,5.638362,5.652496,-0.007959558,5.6445365,281.00204,285.0019,282.74246,0.014234229,0.0061936113
train,2013,13,5.670336,5.680399,-0.009281137,5.671118,290.13196,293.06635,290.3589,0.010113974,0.0007821569
train,2014,13,5.601351,5.62335,-0.008972647,5.6143775,270.79193,276.8152,274.34256,0.022243109,0.013112018
train,2015,13,5.651011,5.670015,-0.010810396,5.6592045,284.579,290.03885,286.92032,0.01918567,0.008227271
train,2016,13,5.643923,5.6689878,-0.011832939,5.657155,282.569,289.7411,286.3329,0.025381725,0.013320235
train,2017,13,5.7022314,5.725211,-0.013961466,5.71125,299.53506,306.498,302.2486,0.023245763,0.009059145
train,2018,13,5.640374,5.668571,-0.01501672,5.6535544,281.56808,289.62036,285.30377,0.028597973,0.013267439
train,2019,13,5.645687,5.676209,-0.01612497,5.660084,283.068,291.84094,287.1727,0.030992374,0.014500777
train,2020,13,5.626689,5.661331,-0.017662171,5.643669,277.741,287.53116,282.4973,0.03524925,0.017125009
train,1995,14,4.413198,4.416652,-0.007233978,4.409418,82.53298,82.81856,82.2216,0.0034601423,0.0037727763
train,1996,14,4.4969835,4.49706,-0.00848211,4.488578,89.74601,89.752846,88.9948,7.616982e-05,0.008370434
train,1997,14,4.585549,4.6225195,-0.011197377,4.611322,98.05699,101.75007,100.617065,0.03766256,0.026108019
train,1998,14,4.5522757,4.5835204,-0.014958108,4.5685625,94.848,97.858284,96.405426,0.031737987,0.016420236
train,1999,14,4.61413,4.644925,-0.014796598,4.6301284,100.90001,104.05557,102.527214,0.031274162,0.016126905
train,2000,14,4.6958513,4.7210712,-0.0137465,4.707325,109.491974,112.288475,110.755486,0.025540695,0.011539765
train,2001,14,4.769404,4.791961,-0.009552021,4.782409,117.84898,120.53754,119.39164,0.022813544,0.0130901085
train,2002,14,4.8529906,4.8681264,-0.009046944,4.8590794,128.12299,130.07697,128.90547,0.015250811,0.0061073033
train,2003,14,5.0164847,5.028111,-0.008324934,5.019786,150.87999,152.6444,151.37889,0.01169409,0.0033066105
train,2004,14,5.289791,5.308759,-0.005985653,5.3027735,198.30199,202.09929,200.8932,0.019149087,0.013067025
train,2005,14,5.415349,5.4211774,-0.0055469275,5.4156303,224.83098,226.14523,224.89426,0.0058455234,0.00028144786
train,2006,14,5.634193,5.6306853,-0.0041533774,5.626532,279.83298,278.85318,277.69742,0.003501365,0.007631549
train,2007,14,5.802496,5.790064,-0.00034006312,5.789724,331.125,327.0339,326.92276,0.012355138,0.0126907965
train,2008,14,5.98767,5.967085,0.0034938161,5.9705787,398.48502,390.36603,391.7323,0.020374639,0.016945973
train,2009,14,6.0617857,6.049474,0.006621526,6.056095,429.14102,423.88992,426.70596,0.012236301,0.005674262
train,2010,14,6.135435,6.124239,0.0030807746,6.12732,461.94,456.79694,458.20642,0.011133624,0.0080823945
train,2011,14,6.353016,6.3325653,0.002273358,6.334839,574.22186,562.598,563.87854,0.02024277,0.018012764
train,2012,14,6.39831,6.37456,0.0027546962,6.3773146,600.8289,586.7271,588.3456,0.023470586,0.020776859
train,2013,14,6.343508,6.3292093,0.003175424,6.3323846,568.78796,560.7131,562.49634,0.014196661,0.011061461
train,2014,14,6.355057,6.342381,0.0014329734,6.343814,575.39496,568.14746,568.9621,0.012595692,0.011179905
train,2015,14,6.3458414,6.3402276,-0.00094506657,6.3392825,570.1169,566.92535,566.38983,0.0055980245,0.0065373452
train,2016,14,6.3509502,6.3502254,-0.0034394613,6.346786,573.037,572.62177,570.6557,0.00072459923,0.004155555
train,2017,14,6.427299,6.4303255,-0.0067674113,6.423558,618.50116,620.37585,616.1918,0.003031029,0.0037338445
train,2018,14,6.5872993,6.589308,-0.012265343,6.5770426,725.81793,727.27716,718.41156,0.0020104607,0.010204174
train,2019,14,6.6811757,6.685409,-0.013306113,6.672103,797.2559,800.6381,790.05524,0.0042423042,0.009031835
train,2020,14,6.727525,6.736338,-0.012758562,6.7235794,835.0781,842.47003,831.7894,0.0088517545,0.00393819
train,1995,15,5.2553577,5.2344737,0.020233843,5.2547073,191.59001,187.63034,191.46544,0.020667419,0.00065020483
train,1996,15,5.2593894,5.235657,0.021245398,5.2569027,192.364,187.85252,191.88625,0.023452802,0.0024835868
train,1997,15,5.233112,5.238593,0.019447014,5.25804,187.37497,188.40486,192.10457,0.0054964223,0.02524136
train,1998,15,5.2506857,5.253574,0.013635859,5.2672095,190.69699,191.24855,193.8742,0.0028923342,0.016661068
train,1999,15,5.2863812,5.2863374,0.01086401,5.297201,197.62697,197.6183,199.7769,4.385531e-05,0.010878743
train,2000,15,5.3160787,5.318231,0.009586055,5.327817,203.58398,204.02267,205.98781,0.0021548364,0.011807529
train,2001,15,5.3222146,5.3215933,0.008808581,5.330402,204.83699,204.7098,206.52095,0.00062096823,0.008220976
train,2002,15,5.4006166,5.4053483,0.009466052,5.4148145,221.54298,222.59373,224.71086,0.004742875,0.014299153
train,2003,15,5.539124,5.5417366,0.00825379,5.54999,254.455,255.12064,257.23502,0.002615921,0.010925366
train,2004,15,5.7451577,5.745506,0.008373639,5.7538795,312.67294,312.7818,315.41196,0.00034814718,0.008759996
train,2005,15,5.9725313,5.963823,0.007709864,5.971533,392.49792,389.09473,392.10623,0.008670615,0.0009979495
train,2006,15,6.0601134,6.053436,0.006737283,6.060173,428.42404,425.57266,428.44955,0.0066555073,5.95501e-05
train,2007,15,6.119202,6.1153293,0.0057832696,6.1211123,454.50195,452.7451,455.37097,0.0038654762,0.0019120238
train,2008,15,6.1708317,6.1672726,0.004366658,6.1716394,478.58395,476.88367,478.97067,0.0035527453,0.0008080479
train,2009,15,6.204281,6.208214,0.0024038493,6.2106175,494.86295,496.81308,498.00873,0.0039407564,0.0063568763
train,2010,15,6.295602,6.2970333,0.00011122646,6.2971444,542.18207,542.95874,543.01904,0.0014324937,0.001543716
train,2011,15,6.421271,6.4150133,-0.00294299,6.4120703,614.78394,610.9489,609.1535,0.0062379995,0.0091583915
train,2012,15,6.4564133,6.4528575,-0.00535374,6.4475036,636.7731,634.5128,631.12476,0.003549544,0.008870217
train,2013,15,6.474293,6.4743037,-0.0068493797,6.4674544,648.2609,648.26764,643.8427,1.0356736e-05,0.0068154857
train,2014,15,6.4523706,6.458301,-0.00827468,6.4500265,634.204,637.9762,632.71906,0.005947955,0.0023413985
train,2015,15,6.469399,6.4763155,-0.009918036,6.4663973,645.0959,649.5732,643.1624,0.0069405106,0.0029971849
train,2016,15,6.4989896,6.5062327,-0.011334039,6.494899,664.4699,669.30023,661.75726,0.007269437,0.004082422
train,2017,15,6.515068,6.5226984,-0.012341233,6.5103574,675.23987,680.4119,672.0666,0.0076595866,0.004699484
train,2018,15,6.516267,6.527312,-0.012711454,6.5146003,676.04987,683.5582,674.92413,0.011106225,0.0016651618
train,2019,15,6.5391955,6.550388,-0.014224911,6.536163,691.7299,699.5154,689.63525,0.011255059,0.003028155
train,2020,15,6.500675,6.5162315,-0.016747024,6.4994845,665.5909,676.02606,664.7989,0.01567807,0.0011899084
train,1995,16,4.106882,4.0828333,0.01389325,4.0967264,60.75699,59.31328,60.14308,0.023762045,0.0101043
train,1996,16,4.067076,4.0452323,0.012973066,4.058205,58.386005,57.124454,57.870346,0.021607077,0.0088319
train,1997,16,4.030641,4.035057,0.005051629,4.0401087,56.29699,56.546146,56.832516,0.00442576,0.00951252
train,1998,16,4.0208235,4.0255985,-0.00027851434,4.02532,55.746998,56.013824,55.998226,0.0047863857,0.0045065805
train,1999,16,4.033869,4.035696,-0.003227252,4.032469,56.478992,56.58229,56.399982,0.0018289665,0.0013989274
train,2000,16,4.085455,4.086872,-0.0041942983,4.082678,59.468983,59.553326,59.304066,0.0014182681,0.0027731599
train,2001,16,4.154844,4.1548796,-0.0025317543,4.152348,63.74201,63.744286,63.583122,3.5727997e-05,0.002492641
train,2002,16,4.255187,4.2559505,-0.0035653817,4.252385,70.47,70.52381,70.27283,0.00076358905,0.002797986
train,2003,16,4.4221725,4.420188,-0.00441159,4.4157763,83.277016,83.11191,82.74605,0.0019826326,0.0063759214
train,2004,16,4.571272,4.555155,-0.0044331797,4.5507216,96.66698,95.121475,94.70072,0.015987897,0.020340506
train,2005,16,4.588553,4.5806475,-0.00209247,4.578555,98.352005,97.577545,97.37359,0.007874368,0.009948108
train,2006,16,4.721076,4.7123284,-0.0024845316,4.709844,112.289,111.311035,111.03484,0.008709368,0.011169019
train,2007,16,4.8437066,4.832281,-0.0029404587,4.8293405,126.93899,125.49692,125.1284,0.01136034,0.014263427
train,2008,16,4.8986754,4.8861113,-0.003225354,4.882886,134.11201,132.43756,132.0111,0.012485486,0.015665425
train,2009,16,4.9352074,4.9310584,-0.003852272,4.927206,139.10199,138.52605,137.99342,0.0041404366,0.007969449
train,2010,16,5.0517197,5.0490456,-0.0046997364,5.044346,156.291,155.87363,155.14279,0.0026704906,0.0073466073
train,2011,16,5.151556,5.143638,-0.0061515174,5.1374865,172.7,171.338,170.2872,0.007886506,0.013971025
train,2012,16,5.1293364,5.13193,-0.005954945,5.125975,168.90498,169.34363,168.33823,0.002596989,0.0033554796
train,2013,16,5.1951103,5.2066956,-0.007866243,5.198829,180.38805,182.49002,181.06012,0.011652515,0.003725709
train,2014,16,5.218652,5.2345757,-0.0110276565,5.223548,184.68501,187.64948,185.59148,0.01605145,0.0049081603
train,2015,16,5.272148,5.2914457,-0.014121892,5.2773237,194.83403,198.63037,195.84503,0.019484999,0.00518904
train,2016,16,5.293129,5.313806,-0.016858252,5.296948,198.96501,203.12186,199.7263,0.020892343,0.0038262582
train,2017,16,5.354187,5.375373,-0.01816869,5.357204,211.49194,216.0204,212.131,0.021411963,0.003021644
train,2018,16,5.3698516,5.393597,-0.019081965,5.374515,214.83096,219.99332,215.83519,0.02402984,0.004674497
train,2019,16,5.40383,5.425513,-0.01973905,5.4057736,222.25604,227.12779,222.68845,0.02191954,0.0019455199
train,2020,16,5.399989,5.4233165,-0.020789122,5.4025273,221.40402,226.62949,221.96669,0.023601485,0.0025413623
train,1995,17,4.553245,4.5153837,0.0050926623,4.5204763,94.93999,91.41263,91.87935,0.037153564,0.03223761
train,1996,17,4.621191,4.5881624,0.004597793,4.59276,101.61499,98.3136,98.766655,0.032489218,0.02803066
train,1997,17,4.6161594,4.625495,0.004067376,4.6295624,101.10497,102.05327,102.46921,0.009379317,0.013493253
train,1998,17,4.459462,4.4742546,-0.001394046,4.4728603,86.441,87.72918,87.60696,0.01490239,0.013488444
train,1999,17,4.49406,4.4983573,-0.00372244,4.4946346,89.48402,89.86938,89.53545,0.0043064756,0.00057482196
train,2000,17,4.484245,4.49735,-0.0049714274,4.4923787,88.61001,89.778915,89.333694,0.013191593,0.008167094
train,2001,17,4.553803,4.5585294,-0.006105523,4.552424,94.99297,95.44301,94.86206,0.004737562,0.0013781312
train,2002,17,4.6364655,4.638092,-0.004935376,4.633157,103.17902,103.34697,102.83819,0.0016277132,0.0033033418
train,2003,17,4.6851177,4.702152,-0.0035546417,4.698597,108.32302,110.18401,109.79303,0.017180027,0.013570604
train,2004,17,4.761148,4.7637267,-0.0057221535,4.7580047,116.88003,117.18182,116.5132,0.0025821005,0.0031385082
train,2005,17,4.9818244,4.982777,-0.0033127232,4.9794645,145.74002,145.87894,145.39651,0.0009531769,0.002356977
train,2006,17,5.080895,5.0807285,-0.002004133,5.0787244,160.91801,160.89124,160.5691,0.00016641502,0.0021682312
train,2007,17,5.141529,5.1452327,-0.0017841957,5.1434484,170.977,171.6114,171.30548,0.003710437,0.0019211704
train,2008,17,5.2163367,5.2075114,-0.0008607325,5.2066507,184.25795,182.63899,182.48184,0.008786364,0.009639246
train,2009,17,5.24576,5.2424836,0.0010128752,5.2434964,189.75996,189.13927,189.33093,0.0032709588,0.0022609162
train,2010,17,5.3406916,5.340741,0.0013759206,5.3421173,208.65695,208.66731,208.95465,4.9654314e-05,0.0014267388
train,2011,17,5.4736648,5.4711075,0.0011703582,5.4722776,238.33202,237.72333,238.00166,0.0025539512,0.0013861032
train,2012,17,5.451416,5.452957,0.000958201,5.453915,233.08798,233.44748,233.67122,0.0015423235,0.002502217
train,2013,17,5.4557056,5.462762,-0.0007175314,5.4620442,234.09,235.74763,235.5785,0.0070812018,0.0063587087
train,2014,17,5.4359117,5.4481683,-0.0023589614,5.4458094,229.50197,232.33221,231.78479,0.012332121,0.00994685
train,2015,17,5.3385663,5.362043,-0.0038009337,5.358242,208.21397,213.15997,212.3513,0.023754405,0.019870564
train,2016,17,5.3413577,5.3658495,-0.0070895324,5.35876,208.79599,213.97293,212.4613,0.024794254,0.017554522
train,2017,17,5.3262243,5.3576264,-0.008616019,5.3490105,205.65999,212.22063,210.4,0.031900413,0.023047777
train,2018,17,5.2645125,5.297921,-0.009029835,5.2888913,193.35202,199.92076,198.12364,0.033972964,0.024678417
train,2019,17,5.3132997,5.3567724,-0.00946369,5.3473086,203.019,212.03947,210.04224,0.04443169,0.034594
train,2020,17,5.3003154,5.3476324,-0.012015637,5.3356166,200.40001,210.11026,207.60072,0.048454344,0.035931706
train,1995,18,5.3101025,5.2904797,0.012238177,5.3027177,202.37097,198.43858,200.882,0.019431584,0.007357616
train,1996,18,5.285526,5.2693663,0.011469364,5.2808356,197.45798,194.29279,196.53403,0.016029697,0.0046792245
train,1997,18,5.2825894,5.289213,0.009284733,5.2984977,196.87901,198.18741,200.03606,0.0066456823,0.016035449
train,1998,18,5.2173023,5.2177367,0.0045087026,5.222245,184.43594,184.51608,185.34987,0.00043450945,0.0049552443
train,1999,18,5.2144356,5.223608,0.0031816573,5.2267895,183.90799,185.60263,186.19406,0.009214614,0.012430519
train,2000,18,5.347736,5.34631,0.0028348858,5.349145,210.13199,209.83261,210.42828,0.0014247114,0.0014100431
train,2001,18,5.2934556,5.2888737,0.0020667114,5.2909403,199.03,198.12015,198.53001,0.0045714267,0.0025121074
train,2002,18,5.319095,5.31661,0.0027062953,5.3193164,204.19902,203.69215,204.24422,0.002482218,0.00022133571
train,2003,18,5.446552,5.4351196,0.0021545985,5.4372745,231.95697,229.32028,229.81497,0.011367144,0.009234464
train,2004,18,5.484656,5.4789658,0.0028288695,5.481795,240.966,239.59879,240.27756,0.005673904,0.0028570257
train,2005,18,5.5612545,5.5590262,0.0024754205,5.5615015,260.149,259.56995,260.21323,0.0022258034,0.00024693352
train,2006,18,5.6528854,5.651426,0.0014285832,5.6528544,285.11298,284.6971,285.10413,0.0014585904,3.104067e-05
train,2007,18,5.760522,5.7543654,0.0012509017,5.755616,317.51398,315.56525,315.96017,0.0061374637,0.0048936508
train,2008,18,5.796453,5.7859335,0.00082976697,5.786763,329.13007,325.6859,325.95624,0.010464413,0.009643082
train,2009,18,5.878447,5.8711977,0.0015355959,5.872733,357.25403,354.67352,355.2185,0.0072231665,0.0056976895
train,2010,18,5.9930134,5.9891524,0.00033721933,5.9894896,400.62,399.07623,399.2108,0.0038534328,0.0035175732
train,2011,18,6.084342,6.0779576,-0.0025256905,6.075432,438.93088,436.13754,435.03732,0.0063639516,0.008870542
train,2012,18,6.091676,6.093275,-0.003978188,6.089297,442.162,442.86945,441.11115,0.0015999984,0.0023766002
train,2013,18,6.083239,6.080221,-0.0074790623,6.072742,438.44702,437.1259,433.8687,0.003013218,0.010442101
train,2014,18,6.0911336,6.093325,-0.007284721,6.0860405,441.9221,442.89163,439.67706,0.002193924,0.005080139
train,2015,18,6.0487685,6.060348,-0.009071829,6.051276,423.59106,428.52454,424.65463,0.011646779,0.002510837
train,2016,18,6.011936,6.0408573,-0.0127138635,6.0281434,408.273,420.25314,414.94394,0.029343436,0.016339382
train,2017,18,6.041668,6.0737762,-0.016403163,6.057373,420.594,434.3177,427.2516,0.032629315,0.015829025
train,2018,18,6.0773783,6.10902,-0.017138993,6.0918813,435.8849,449.89767,442.25262,0.032147907,0.014608758
train,2019,18,6.114058,6.1511374,-0.016772993,6.134364,452.1699,469.2508,461.44556,0.03777541,0.020513672
train,2020,18,6.128246,6.173689,-0.017845483,6.1558433,458.6309,479.95334,471.46423,0.046491522,0.027981857
train,1995,19,2.8616865,2.8814325,-0.022075614,2.8593569,17.491001,17.839811,17.4503,0.019942265,0.002326963
train,1996,19,2.8928688,2.9225502,-0.023753496,2.8987968,18.045002,18.588633,18.152292,0.03012638,0.0059457053
train,1997,19,2.8772302,2.9084215,-0.024500297,2.8839211,17.765,18.327845,17.884262,0.03168282,0.006713352
train,1998,19,2.9236991,2.9548404,-0.024021452,2.930819,18.61,19.198658,18.742975,0.03163124,0.0071453317
train,1999,19,2.9273465,2.9689982,-0.02334454,2.9456537,18.678001,19.472403,19.023092,0.04253138,0.018475791
train,2000,19,3.1795943,3.2204099,-0.02468543,3.1957245,24.036999,25.03838,24.427864,0.04165998,0.016260987
train,2001,19,3.3541756,3.392985,-0.022506304,3.3704789,28.621998,29.754642,29.092455,0.039572522,0.016436907
train,2002,19,3.5013745,3.5464802,-0.020614127,3.525866,33.161003,34.690998,33.983192,0.04613838,0.024793861
train,2003,19,3.580598,3.646902,-0.0193239,3.6275783,35.895004,38.35566,37.621597,0.068551466,0.048101205
train,2004,19,3.9083362,3.914893,-0.020000499,3.8948925,49.815994,50.143703,49.150764,0.0065783933,0.013353739
train,2005,19,3.9324136,3.9325678,-0.014161132,3.9184067,51.02999,51.03786,50.320206,0.00015421756,0.0139091825
train,2006,19,4.053453,4.046809,-0.001729486,4.0450797,57.59599,57.214607,57.115734,0.006621676,0.008338343
train,2007,19,4.224378,4.2089624,0.002722234,4.2116847,68.33199,67.28669,67.470116,0.015297422,0.012613088
train,2008,19,4.29381,4.2726674,0.008133715,4.2808013,73.245,71.71267,72.29835,0.020920655,0.012924504
train,2009,19,4.4021235,4.379873,0.008116802,4.3879895,81.62401,79.82787,80.47846,0.022004984,0.014034424
train,2010,19,4.5526657,4.5285573,0.010930594,4.539488,94.88501,92.62483,93.64282,0.023820175,0.013091505
train,2011,19,4.913346,4.8660145,0.013804972,4.8798194,136.094,129.80255,131.6069,0.04622866,0.03297053
train,2012,19,4.90506,4.865798,0.020647744,4.8864455,134.971,129.77446,132.48183,0.03850111,0.01844223
train,2013,19,4.9212356,4.8859982,0.023097826,4.9090962,137.172,132.42259,135.51689,0.03462372,0.012065914
train,2014,19,4.91852,4.8870406,0.02344456,4.9104853,136.79999,132.5607,135.70526,0.030988952,0.008002388
train,2015,19,4.9001727,4.8789196,0.022348573,4.901268,134.31297,131.48854,134.46016,0.021028738,0.0010958456
train,2016,19,4.914051,4.8927956,0.019743867,4.9125395,136.19,133.32578,135.98431,0.021031113,0.0015103052
train,2017,19,5.189735,5.151223,0.018967588,5.170191,179.42099,172.64253,175.9484,0.037779626,0.019354453
train,2018,19,5.252849,5.215635,0.020640155,5.236275,191.10999,184.12866,187.96864,0.036530394,0.016437352
train,2019,19,5.355232,5.3180933,0.022381287,5.3404746,211.71303,203.99457,208.6117,0.03645718,0.014648762
train,2020,19,5.4394827,5.401045,0.023646297,5.424691,230.323,221.63788,226.94125,0.037708435,0.014682617
train,1995,20,2.4379897,2.4265187,-0.0063661705,2.4201524,11.449999,11.3194065,11.247574,0.011405447,0.017679041
train,1996,20,2.4572785,2.4580994,-0.010337573,2.4477618,11.672999,11.682586,11.562438,0.00082124,0.009471548
train,1997,20,2.5539663,2.5704439,-0.015076548,2.5553672,12.858,13.071625,12.876028,0.016614167,0.0014021045
train,1998,20,2.567101,2.5799515,-0.016218383,2.563733,13.028001,13.196499,12.984199,0.01293353,0.003362163
train,1999,20,2.729877,2.744399,-0.01690882,2.7274902,15.331001,15.555264,15.294452,0.014628085,0.00238403
train,2000,20,2.6451104,2.6589077,-0.016079143,2.6428285,14.084999,14.280682,14.052895,0.013892974,0.0022793394
train,2001,20,2.8481019,2.8363307,-0.017107373,2.8192232,17.255,17.053078,16.763823,0.0117022,0.028465757
train,2002,20,2.9138713,2.902457,-0.01434041,2.8881166,18.428001,18.218853,17.959454,0.011349489,0.025425863
train,2003,20,3.0209613,3.0134268,-0.012045082,3.0013816,20.511,20.35704,20.113306,0.007506181,0.019389287
train,2004,20,3.0807166,3.0726497,-0.010716962,3.0619328,21.774,21.599058,21.36882,0.008034445,0.01860843
train,2005,20,3.1052144,3.0966947,-0.010168767,3.086526,22.314003,22.124702,21.90086,0.008483486,0.018514972
train,2006,20,3.286684,3.2738857,-0.009931097,3.2639546,26.754002,26.413776,26.152758,0.012716797,0.022473048
train,2007,20,3.3268688,3.3113866,-0.010341007,3.3010457,27.850996,27.423122,27.141005,0.015362956,0.025492499
train,2008,20,3.4337935,3.4247615,-0.009401428,3.4153602,30.993998,30.71532,30.427908,0.008991322,0.018264493
train,2009,20,3.4361784,3.4336374,-0.008104825,3.4255326,31.068005,30.989159,30.739012,0.0025378515,0.010589442
train,2010,20,3.4571996,3.45915,-0.0076163406,3.4515338,31.728003,31.789946,31.548742,0.001952315,0.0056499066
train,2011,20,3.60832,3.6166177,-0.007876098,3.6087415,36.904003,37.211494,36.919563,0.008332194,0.00042163854
train,2012,20,3.7512672,3.7590213,-0.0071259304,3.7518954,42.575,42.90641,42.601753,0.007784133,0.0006283611
train,2013,20,3.7261994,3.7434742,-0.0054120007,3.7380621,41.521004,42.244507,42.016487,0.017424991,0.011933319
train,2014,20,3.845242,3.8568544,-0.005209006,3.8516455,46.77,47.31628,47.07045,0.011680135,0.0064239763
train,2015,20,3.8846107,3.8984416,-0.004141364,3.8943002,48.647995,49.325516,49.121666,0.013927002,0.009736701
train,2016,20,4.004985,4.013371,-0.004120372,4.0092506,54.87099,55.333088,55.105564,0.008421521,0.004274998
train,2017,20,3.8369977,3.8640852,-0.0029267515,3.8611584,46.386,47.659653,47.520363,0.027457662,0.024454819
train,2018,20,3.7766843,3.811091,-0.0044828053,3.8066082,43.670998,45.199722,44.997555,0.03500549,0.030376159
train,2019,20,3.759128,3.7954485,-0.006231665,3.789217,42.910995,44.498188,44.22176,0.036988016,0.030546118
train,2020,20,3.8172727,3.8461356,-0.007943958,3.8381917,45.479996,46.81181,46.441418,0.029283509,0.021139447
train,1995,21,4.266293,4.2506766,-0.0064541525,4.2442226,71.257,70.15286,69.70156,0.015495196,0.021828631
train,1996,21,4.3157,4.301513,-0.005426659,4.2960863,74.86602,73.8114,73.41193,0.014086749,0.019422615
train,1997,21,4.2490377,4.267134,-0.0062960205,4.260838,70.037994,71.31696,70.86935,0.018261071,0.011870017
train,1998,21,4.22108,4.247719,-0.011504741,4.236214,68.106995,69.94567,69.145584,0.02699688,0.015249381
train,1999,21,4.1643834,4.183476,-0.012260856,4.171215,64.35299,65.59346,64.794136,0.019276042,0.0068551106
train,2000,21,4.1462727,4.1659417,-0.01187185,4.15407,63.198,64.453354,63.69269,0.019863794,0.00782762
train,2001,21,4.2722673,4.2927794,-0.01022673,4.2825527,71.68398,73.16956,72.42508,0.020724023,0.010338384
train,2002,21,4.3714333,4.389567,-0.011120304,4.3784466,79.157,80.6055,79.7141,0.018299097,0.0070379884
train,2003,21,4.4944396,4.502701,-0.010306945,4.492394,89.51799,90.260574,89.33505,0.008295363,0.002043585
train,2004,21,4.6305943,4.6402664,-0.008334767,4.631932,102.575005,103.57194,102.71228,0.0097190635,0.0013382958
train,2005,21,4.6950564,4.700003,-0.0077729337,4.69223,109.40498,109.94752,109.096214,0.0049589504,0.0028222592
train,2006,21,4.7906117,4.791163,-0.009285489,4.7818775,120.374985,120.441345,119.32818,0.00055128126,0.0086962115
train,2007,21,4.958591,4.9531503,-0.008729862,4.9444203,142.39304,141.6204,140.38945,0.005426029,0.014070814
train,2008,21,5.0824475,5.0750484,-0.005839062,5.0692096,161.16805,159.97995,159.04857,0.007371778,0.013150723
train,2009,21,5.195215,5.1885977,-0.003952933,5.1846447,180.40697,179.21706,178.51001,0.006595704,0.010514879
train,2010,21,5.3623247,5.35434,-0.002561191,5.351779,213.22005,211.52434,210.98329,0.007952861,0.010490362
train,2011,21,5.457558,5.449112,-0.0023155473,5.4467964,234.52408,232.55156,232.01369,0.008410731,0.010704194
train,2012,21,5.53113,5.522201,-0.0018906808,5.5203104,252.42897,250.18512,249.71254,0.008889038,0.010761169
train,2013,21,5.549792,5.5404744,-0.0016347044,5.53884,257.184,254.79886,254.38268,0.009274029,0.010892262
train,2014,21,5.577656,5.5714326,-0.0015462427,5.569886,264.45096,262.81033,262.40427,0.0062038912,0.0077394005
train,2015,21,5.5720325,5.568932,-0.0021496187,5.5667825,262.96802,262.154,261.59106,0.0030955318,0.0052362
train,2016,21,5.5448065,5.5448394,-0.003175037,5.541664,255.90508,255.91347,255.10219,3.2794716e-05,0.0031374407
train,2017,21,5.5170755,5.517613,-0.0035319845,5.514081,248.90605,249.03984,248.16179,0.0005375083,0.002990135
train,2018,21,5.5205083,5.5225873,-0.0036560916,5.5189314,249.76196,250.28175,249.36842,0.0020811441,0.001575658
train,2019,21,5.6160216,5.6151257,-0.0037301797,5.6113954,274.79398,274.54785,273.52563,0.00089566835,0.004615607
train,2020,21,5.672708,5.6675096,-0.0050242995,5.662485,290.821,289.3131,287.86313,0.00518499,0.010170812
train,1995,22,5.322815,5.301943,0.017338254,5.319281,204.96002,200.7264,204.23698,0.020655869,0.0035277011
train,1996,22,5.352275,5.337238,0.01671241,5.35395,211.08797,207.93756,211.44185,0.014924611,0.0016764662
train,1997,22,5.3233123,5.330495,0.013584103,5.344079,205.06198,206.54016,209.36497,0.0072084544,0.02098387
train,1998,22,5.426517,5.433107,0.0076341783,5.440741,227.35597,228.85916,230.61302,0.0066116103,0.014325771
train,1999,22,5.4547567,5.4579153,0.0039646146,5.4618797,233.86798,234.60782,235.53976,0.0031634842,0.007148407
train,2000,22,5.369116,5.3836107,0.0032661562,5.386877,214.67297,217.8073,218.51988,0.014600455,0.017919855
train,2001,22,5.5474796,5.5629935,0.0026945663,5.565688,256.59003,260.60178,261.30496,0.01563486,0.018375365
train,2002,22,5.6754584,5.6677856,0.00080835866,5.668594,291.622,289.39304,289.62698,0.007643365,0.006841135
train,2003,22,5.892845,5.8838744,0.0047209268,5.8885956,362.43497,359.19824,360.89807,0.008930499,0.0042404733
train,2004,22,6.0698137,6.057931,0.005135246,6.063066,432.60007,427.49002,429.69086,0.011812403,0.0067249415
train,2005,22,6.3315287,6.32601,0.0051118587,6.331122,562.0151,558.9222,561.78656,0.005503225,0.00040660053
train,2006,22,6.417678,6.4116187,-0.00035212887,6.411267,612.579,608.8785,608.66425,0.0060408544,0.006390578
train,2007,22,6.507827,6.502964,-0.0021235305,6.5008407,670.368,667.116,665.70105,0.004850997,0.006961745
train,2008,22,6.555677,6.5508976,-0.0037343274,6.5471635,703.2251,699.8721,697.26355,0.004768071,0.008477439
train,2009,22,6.5761256,6.580891,-0.005439106,6.575452,717.7531,721.18176,717.2697,0.004776921,0.0006734885
train,2010,22,6.6487875,6.655291,-0.008014601,6.6472764,771.84784,776.88403,770.68243,0.0065248534,0.00150989
train,2011,22,6.694907,6.7041817,-0.010511655,6.69367,808.2789,815.8102,807.2793,0.009317714,0.0012366682
train,2012,22,6.744736,6.75694,-0.013836289,6.7431035,849.57495,860.0065,848.189,0.012278515,0.0016313161
train,2013,22,6.690805,6.703727,-0.016681122,6.6870456,804.9699,815.43915,801.94946,0.013005751,0.0037522481
train,2014,22,6.695083,6.710904,-0.015367858,6.695536,808.42114,821.3129,808.7875,0.015946867,0.00045314626
train,2015,22,6.7209435,6.735137,-0.017701697,6.7174354,829.59985,841.45874,826.69464,0.014294707,0.0035019442
train,2016,22,6.745012,6.7580748,-0.020019464,6.738055,849.80914,860.983,843.91785,0.013148633,0.0069324933
train,2017,22,6.696045,6.7139306,-0.020560578,6.69337,809.19904,823.8023,807.03723,0.018046575,0.0026715358
train,2018,22,6.780163,6.799255,-0.020448098,6.7788067,880.21204,897.1785,879.0191,0.01927546,0.0013552782
train,2019,22,6.8050313,6.8334107,-0.02350318,6.8099074,902.376,928.3518,906.7869,0.028786039,0.004888151
train,2020,22,6.7925544,6.8256083,-0.02837449,6.7972336,891.1871,921.1365,895.36694,0.03360619,0.004690228
train,1995,23,4.5076785,4.506214,-0.0045053284,4.501709,90.71098,90.57825,90.171104,0.001463287,0.005951637
train,1996,23,4.564567,4.567585,-0.0034723072,4.5641127,96.02101,96.311226,95.977394,0.0030224067,0.0004542469
train,1997,23,4.5971985,4.6134276,-0.0027053594,4.610722,99.20599,100.82916,100.55673,0.016361602,0.013615493
train,1998,23,4.6043,4.6176972,-0.0034571341,4.61424,99.913025,101.26058,100.91113,0.013487301,0.009989767
train,1999,23,4.6447945,4.6608405,-0.0036469917,4.6571937,104.04198,105.7249,105.34005,0.016175417,0.012476434
train,2000,23,4.7429214,4.746428,-0.0041286196,4.7422996,114.76899,115.17215,114.69765,0.0035127965,0.000621618
train,2001,23,4.754314,4.75503,-0.0022969185,4.752733,116.083984,116.16716,115.90063,0.0007165128,0.0015795223
train,2002,23,4.794244,4.795504,-0.00032814173,4.795176,120.81299,120.96534,120.925674,0.0012610513,0.00093273213
train,2003,23,4.875724,4.87271,0.0014900104,4.8742003,131.06898,130.67459,130.86946,0.003009056,0.0015222818
train,2004,23,4.9438543,4.940442,0.0039525335,4.9443946,140.31001,139.83206,140.38583,0.003406393,0.0005403814
train,2005,23,4.9876122,4.984847,0.0052449876,4.9900923,146.586,146.18121,146.94998,0.0027614175,0.002483069
train,2006,23,5.019417,5.022254,0.0048669823,5.027121,151.32303,151.75296,152.49336,0.0028411516,0.0077340105
train,2007,23,5.0643973,5.0610094,0.0041115773,5.065121,158.28502,157.74966,158.39964,0.003382219,0.00072416215
train,2008,23,5.0822735,5.073982,0.0033070208,5.0772886,161.13998,159.80939,160.33873,0.008257397,0.0049724113
train,2009,23,5.0435734,5.039013,0.0036552628,5.0426683,155.02298,154.31761,154.88275,0.004550087,0.0009045644
train,2010,23,5.131442,5.124052,0.0024964293,5.1265483,169.26102,168.01479,168.43474,0.007362777,0.0048816833
train,2011,23,5.166248,5.152451,0.0030949009,5.1555457,175.256,172.85466,173.3904,0.01370188,0.010645003
train,2012,23,5.1185627,5.110295,0.0040884917,5.114383,167.09505,165.7192,166.39812,0.0082339635,0.004170859
train,2013,23,5.1325874,5.1262455,0.0040519726,5.1302977,169.455,168.38374,169.06743,0.006321788,0.002287175
train,2014,23,5.038549,5.038697,0.0032606428,5.0419574,154.24603,154.26884,154.77267,0.00014789288,0.0034142975
train,2015,23,5.057436,5.06098,0.0025308435,5.063511,157.18697,157.74501,158.14478,0.0035501954,0.0060934406
train,2016,23,5.0398965,5.0476274,0.002171785,5.0497994,154.45403,155.65273,155.99118,0.007760885,0.009952186
train,2017,23,5.0761485,5.0838313,0.0023730253,5.0862045,160.15602,161.3912,161.77469,0.0077123777,0.010106817
train,2018,23,5.0818887,5.0847735,0.0038474505,5.088621,161.078,161.54337,162.1661,0.0028890509,0.0067551387
train,2019,23,5.081268,5.0821695,0.0051120897,5.0872817,160.97801,161.12325,161.94904,0.0009021925,0.006032026
train,2020,23,4.99609,5.0011125,0.004668039,5.0057807,147.83398,148.57835,149.27357,0.0050351718,0.009737886
train,1995,24,5.041953,5.039331,0.011373542,5.0507045,154.772,154.3667,156.13243,0.0026187163,0.008789883
train,1996,24,5.079894,5.0792756,0.010744015,5.0900197,160.75702,160.65764,162.39307,0.00061820314,0.010177144
train,1997,24,5.0628037,5.081427,0.010073971,5.091501,158.03299,161.00366,162.63383,0.0187978,0.029113196
train,1998,24,5.0598,5.0768976,0.005766407,5.082664,157.55902,160.27606,161.20293,0.017244592,0.023127243
train,1999,24,5.0607514,5.080641,0.004685229,5.085326,157.70898,160.8771,161.63264,0.0200884,0.024879117
train,2000,24,5.0865836,5.104607,0.005136766,5.109744,161.83601,164.77931,165.62796,0.018186918,0.023430794
train,2001,24,5.287297,5.2937584,0.0061535933,5.299912,197.808,199.09027,200.31918,0.006482409,0.012695061
train,2002,24,5.461371,5.4614964,0.0054900576,5.466986,235.41995,235.44946,236.74559,0.00012535258,0.0056309495
train,2003,24,5.568436,5.5637364,0.005552145,5.5692887,262.02402,260.79547,262.2475,0.0046886774,0.0008528998
train,2004,24,5.596873,5.5875487,0.005819254,5.593368,269.58206,267.08014,268.6389,0.009280746,0.003498661
train,2005,24,5.6377316,5.631739,0.0059903045,5.6377296,280.82495,279.1472,280.82443,0.005974415,1.84741e-06
train,2006,24,5.7340302,5.727178,0.0067047128,5.733883,309.21295,307.10144,309.16742,0.0068286634,0.00014725201
train,2007,24,5.8256903,5.814707,0.0066032247,5.82131,338.895,335.1931,337.4138,0.010923365,0.0043706787
train,2008,24,5.906454,5.896243,0.007139021,5.9033823,367.4011,363.6686,366.2742,0.010159151,0.0030671984
train,2009,24,5.912478,5.9073462,0.0064637917,5.9138103,369.62094,367.72897,370.1137,0.0051186704,0.0013331694
train,2010,24,6.0131454,5.99663,0.005972899,6.002603,408.76706,402.0716,404.48032,0.01637966,0.010487007
train,2011,24,6.1066957,6.0868607,0.0058797305,6.0927405,448.8531,440.03784,442.63278,0.019639492,0.013858223
train,2012,24,6.1495104,6.1307898,0.0060417955,6.1368318,468.48795,459.79916,462.58566,0.018546436,0.01259858
train,2013,24,6.1665916,6.1536236,0.0049982364,6.158622,476.55908,470.4189,472.77603,0.0128843775,0.007938261
train,2014,24,6.1308417,6.125118,0.00375752,6.1288753,459.8231,457.19855,458.91968,0.0057077217,0.0019646944
train,2015,24,6.07374,6.0739126,-0.00068310695,6.0732293,434.30194,434.37695,434.0802,0.00017271902,0.0005105681
train,2016,24,6.087143,6.0910316,-0.0042516845,6.08678,440.16208,441.87698,440.00235,0.0038960758,0.00036288679
train,2017,24,6.1362767,6.136508,-0.005958117,6.13055,462.329,462.43588,459.6889,0.00023116126,0.005710449
train,2018,24,6.2073236,6.2017307,-0.0038400902,6.1978908,496.37097,493.60257,491.7108,0.0055772844,0.009388516
train,2019,24,6.2453547,6.2439528,-0.003090968,6.240862,515.61206,514.8898,513.3007,0.0014008401,0.004482712
train,2020,24,6.258975,6.2577567,-0.0043396964,6.253417,522.6829,522.0466,519.7859,0.0012174734,0.0055426215
train,1995,25,4.838723,4.8042264,0.014208859,4.818435,126.307976,122.02505,123.771255,0.033908613,0.020083612
train,1996,25,4.88146,4.8518457,0.013387214,4.865233,131.82301,127.97639,129.70116,0.029180232,0.016096255
train,1997,25,4.966049,4.9441752,0.010153642,4.954329,143.45898,140.35504,141.78743,0.021636449,0.011651794
train,1998,25,4.9151006,4.904037,0.008795708,4.9128327,136.33301,134.83301,136.02419,0.011002472,0.0022652082
train,1999,25,4.8172607,4.809979,0.0067211497,4.8167,123.625984,122.729034,123.55668,0.00725535,0.0005606056
train,2000,25,4.7979946,4.795709,0.004277076,4.7999864,121.26698,120.99015,121.508766,0.0022828355,0.0019938084
train,2001,25,4.822891,4.825048,0.0044251434,4.829473,124.32403,124.592445,125.14499,0.0021590143,0.006603398
train,2002,25,4.938466,4.9410806,0.004964013,4.9460444,139.55602,139.92136,140.61765,0.002617882,0.007607198
train,2003,25,5.163757,5.160813,0.0036104186,5.1644235,174.81999,174.30609,174.93657,0.0029395996,0.00066684105
train,2004,25,5.2485332,5.24361,0.0038245902,5.2474346,190.28696,189.3524,190.07802,0.0049112933,0.0010980185
train,2005,25,5.167132,5.1639647,0.004006755,5.1679716,175.41101,174.85635,175.55838,0.003162042,0.0008401376
train,2006,25,5.280754,5.27395,0.0025071902,5.2764573,196.51799,195.18544,195.67542,0.0067808046,0.0042875214
train,2007,25,5.3672323,5.36325,0.0015736688,5.3648233,214.26901,213.41737,213.75346,0.003974624,0.0024060814
train,2008,25,5.4667387,5.463284,0.00037339656,5.4636574,236.68703,235.87074,235.95883,0.0034487913,0.0030766164
train,2009,25,5.5692754,5.571925,-0.00088727754,5.571038,262.244,262.93982,262.70657,0.0026533736,0.0017639507
train,2010,25,5.6816187,5.6923223,-0.00328724,5.689035,293.424,296.58154,295.6082,0.010760986,0.007443745
train,2011,25,5.679807,5.7048736,-0.0076400186,5.6972337,292.89297,300.3275,298.04178,0.025383128,0.01757913
train,2012,25,5.7384124,5.760411,-0.014159838,5.746251,310.57098,317.47873,313.015,0.022242082,0.0078694755
train,2013,25,5.7722692,5.791023,-0.015598588,5.775424,321.26596,327.34766,322.28107,0.018930407,0.0031597067
train,2014,25,5.7511525,5.7770743,-0.015238803,5.7618356,314.55298,322.81335,317.9314,0.026260683,0.010740378
train,2015,25,5.7058535,5.735806,-0.017282568,5.7185235,300.62195,309.76254,304.45508,0.030405613,0.012750666
train,2016,25,5.651847,5.689213,-0.019357864,5.669855,284.817,295.66077,289.99252,0.038072802,0.018171448
train,2017,25,5.658171,5.696072,-0.022477753,5.6735945,286.62396,297.6958,291.07895,0.038628448,0.015542966
train,2018,25,5.5814,5.619925,-0.02452135,5.5954037,265.44296,275.86868,269.18628,0.039276686,0.014102151
train,2019,25,5.6338143,5.66726,-0.024092551,5.6431675,279.72705,289.24097,282.35568,0.034011427,0.00939713
train,2020,25,5.6048236,5.64055,-0.024627171,5.615923,271.734,281.61758,274.76685,0.036372244,0.01116105
train,1995,26,3.9734755,3.979562,-0.002868488,3.9766936,53.168995,53.4936,53.340374,0.0061051375,0.00322329
train,1996,26,3.8946936,3.9185526,-0.002158984,3.9163938,49.140995,50.327553,50.219013,0.024145985,0.021937247
train,1997,26,3.9110224,3.9527478,-0.0057497467,3.9469981,49.949997,52.07827,51.779697,0.04260807,0.03663064
train,1998,26,3.9163935,3.9587812,-0.008096345,3.9506848,50.219,52.393433,51.97094,0.043298967,0.034885954
train,1999,26,3.9373202,3.9792728,-0.008569626,3.9707031,51.281,53.478134,53.0218,0.04284503,0.03394635
train,2000,26,4.007515,4.046225,-0.008818988,4.037406,55.009995,57.18119,56.679123,0.03946912,0.030342275
train,2001,26,4.0584755,4.083339,-0.009165026,4.0741744,57.885994,59.3433,58.80191,0.025175449,0.015822764
train,2002,26,4.1411643,4.1618166,-0.008308124,4.1535087,62.875984,64.18803,63.65696,0.020867145,0.012420884
train,2003,26,4.20681,4.2214174,-0.0069127413,4.2145047,67.14201,68.12998,67.660645,0.014714609,0.007724388
train,2004,26,4.353267,4.3552413,-0.0053276974,4.3499136,77.73202,77.88562,77.47177,0.0019760532,0.0033479934
train,2005,26,4.4242597,4.418906,-0.0032707262,4.4156356,83.451004,83.00545,82.734406,0.0053391405,0.008587057
train,2006,26,4.497997,4.490002,-0.0008442472,4.4891577,89.83699,89.121635,89.04641,0.007962811,0.008800169
train,2007,26,4.579052,4.5673404,0.00089990394,4.56824,97.42198,96.28768,96.37435,0.011643165,0.010753531
train,2008,26,4.6103864,4.5933313,0.0024851677,4.5958166,100.52298,98.8231,99.069,0.016910387,0.01446415
train,2009,26,4.6781697,4.65837,0.0036204797,4.6619906,107.573006,105.46404,105.846565,0.019604946,0.016049013
train,2010,26,4.7650757,4.744435,0.0046897684,4.7491245,117.340004,114.942825,115.48313,0.02042934,0.015824718
train,2011,26,4.888294,4.8590107,0.004818412,4.863829,132.72699,128.8966,129.5192,0.028859114,0.024168365
train,2012,26,4.9250703,4.8970575,0.0061384835,4.903196,137.69902,133.89522,134.71964,0.027624035,0.021636939
train,2013,26,4.912978,4.885474,0.006648675,4.8921227,136.04398,132.35321,133.2361,0.027129209,0.020639477
train,2014,26,4.908093,4.8806515,0.007922428,4.888574,135.381,131.71645,132.76413,0.027068429,0.019329648
train,2015,26,4.9058228,4.877182,0.008191915,4.885374,135.07399,131.26025,132.33997,0.028234422,0.020240936
train,2016,26,4.8501616,4.8219886,0.008009877,4.8299985,127.76103,124.21184,125.21077,0.027779944,0.019961191
train,2017,26,4.817277,4.7927966,0.008241255,4.801038,123.627975,120.638275,121.63658,0.02418304,0.016107956
train,2018,26,4.867411,4.8408713,0.009171527,4.850043,129.98398,126.5796,127.74586,0.026190773,0.017218437
train,2019,26,4.8717794,4.861502,0.00997239,4.8714747,130.55302,129.21817,130.51324,0.010224612,0.00030470119
train,2020,26,4.874059,4.8644705,0.007087276,4.8715577,130.85098,129.6023,130.52408,0.009542823,0.0024982945
train,1995,27,4.057162,4.072232,-0.005320545,4.066911,57.81,58.687798,58.37637,0.0151841575,0.009797061
train,1996,27,4.1804304,4.188109,-0.0026882845,4.1854205,65.394,65.898056,65.72113,0.0077080294,0.0050024954
train,1997,27,4.185297,4.2213435,-0.001754465,4.219589,65.71301,68.12495,68.00554,0.036704052,0.034886945
train,1998,27,4.2104077,4.245171,-0.0042922064,4.240879,67.38401,69.7677,69.468895,0.035374712,0.030940346
train,1999,27,4.228584,4.260863,-0.0041677062,4.2566953,68.61998,70.8711,70.57636,0.03280563,0.028510395
train,2000,27,4.290035,4.31156,-0.0051813778,4.306379,72.96901,74.55672,74.17142,0.021758655,0.016478335
train,2001,27,4.3379965,4.297257,-0.004286672,4.29297,76.55401,73.49791,73.18351,0.03992082,0.044027723
train,2002,27,4.3206697,4.3451266,0.00046097534,4.3455877,75.239,77.1018,77.13736,0.024758445,0.02523108
train,2003,27,4.413259,4.433611,-0.0018997793,4.431711,82.53802,84.23503,84.075165,0.020560391,0.018623509
train,2004,27,4.5795755,4.588933,-0.0020221882,4.5869107,97.473015,98.3894,98.19062,0.00940139,0.007362095
train,2005,27,4.628242,4.6419516,0.00011294335,4.6420646,102.33401,103.74661,103.75835,0.0138038695,0.013918533
train,2006,27,4.7460704,4.752094,0.0008602687,4.752954,115.130974,115.826546,115.92622,0.0060415706,0.00690735
train,2007,27,4.8324175,4.831109,0.0035220836,4.834631,125.514015,125.34991,125.79215,0.0013074897,0.0022159852
train,2008,27,4.9468145,4.9384623,0.005499535,4.9439616,140.72598,139.55548,140.32507,0.008317594,0.0028488657
train,2009,27,5.075436,5.0639257,0.0077888346,5.0717144,160.04198,158.21039,159.44745,0.011444427,0.0037148267
train,2010,27,5.136269,5.123161,0.0072879274,5.130449,170.08003,167.86511,169.09299,0.01302281,0.0058034165
train,2011,27,5.3339787,5.3166337,0.0069336467,5.3235674,207.26096,203.697,205.11429,0.01719547,0.0103573175
train,2012,27,5.5614815,5.539748,0.008954227,5.5487022,260.20804,254.61388,256.90393,0.021498805,0.012697946
train,2013,27,5.691015,5.670486,0.009797256,5.680283,296.19406,290.1755,293.03238,0.020319633,0.01067436
train,2014,27,5.777488,5.7558784,0.010505205,5.7663836,322.94702,316.04306,319.38065,0.021378,0.011043223
train,2015,27,5.8407755,5.8118286,0.008459039,5.8202877,344.04605,334.22974,337.06903,0.02853198,0.02027932
train,2016,27,5.893645,5.8673587,0.0075733396,5.874932,362.7249,353.31454,356.00037,0.025943544,0.018538976
train,2017,27,5.9607863,5.929911,0.0074885,5.9374,387.91504,376.1211,378.94833,0.030403424,0.023115126
train,2018,27,6.010404,5.973425,0.009081988,5.9825068,407.648,392.84885,396.4329,0.03630378,0.02751177
train,2019,27,6.112265,6.0652747,0.010677878,6.0759525,451.35992,430.641,435.2639,0.04590335,0.035661206
train,2020,27,6.165229,6.1152477,0.0066826106,6.12193,475.91006,452.70816,455.74347,0.048752706,0.042374805
train,1995,28,3.997301,3.987541,-0.005799105,3.981742,54.450993,53.92213,53.610332,0.009712623,0.015438839
train,1996,28,4.0923924,4.0815983,-0.0054616663,4.0761366,59.88299,59.240078,58.917404,0.010736167,0.016124573
train,1997,28,4.16744,4.1857567,-0.004575932,4.181181,64.54999,65.743225,65.4431,0.018485477,0.013835978
train,1998,28,4.165843,4.180339,-0.0074651944,4.1728735,64.44699,65.38801,64.90167,0.014601413,0.0070551224
train,1999,28,4.155988,4.1677027,-0.007722722,4.15998,63.815,64.566956,64.07024,0.011783388,0.0039996486
train,2000,28,4.1598516,4.1736355,-0.0068893484,4.166746,64.06201,64.95115,64.50522,0.0138793215,0.0069184024
train,2001,28,4.2531133,4.2667,-0.005728316,4.2609715,70.32401,71.28599,70.878815,0.013679184,0.007889225
train,2002,28,4.3877974,4.3949065,-0.0039228625,4.3909836,80.463,81.037056,80.71978,0.0071344413,0.003191312
train,2003,28,4.571086,4.572704,-0.0044793575,4.5682244,96.64901,96.8055,96.37283,0.0016191218,0.0028575198
train,2004,28,4.3148713,4.3148794,-0.0031537437,4.3117256,74.80399,74.8046,74.56906,8.159344e-06,0.0031406337
train,2005,28,4.947596,4.944575,-0.0044116904,4.940163,140.836,140.41115,139.79306,0.0030166325,0.0074053383
train,2006,28,5.058015,5.0454774,-0.00047618477,5.045001,157.27798,155.31842,155.24446,0.01245924,0.012929486
train,2007,28,5.099964,5.088215,0.001707111,5.089922,164.01604,162.10022,162.37718,0.01168067,0.009992041
train,2008,28,5.121634,5.109661,0.0026002494,5.1122613,167.60902,165.61423,166.0454,0.011901488,0.0093290275
train,2009,28,5.2280717,5.2190766,0.0029304572,5.2220073,186.43295,184.76349,185.30577,0.008954769,0.006046045
train,2010,28,5.260195,5.257116,0.0035478207,5.2606635,192.519,191.92714,192.60924,0.0030742832,0.00046873544
train,2011,28,5.2827063,5.2811747,0.0033689295,5.2845435,196.90202,196.60066,197.26411,0.0015305129,0.0018389403
train,2012,28,5.3341236,5.334636,0.0032965192,5.3379326,207.291,207.39728,208.08209,0.000512697,0.003816335
train,2013,28,5.3353095,5.3324265,0.0025081686,5.3349347,207.53697,206.9395,207.4592,0.0028788757,0.0003747479
train,2014,28,5.2696505,5.278798,0.002734479,5.281533,194.348,196.134,196.6711,0.009189677,0.011953246
train,2015,28,5.1327763,5.153245,0.00083889207,5.1540837,169.487,172.99193,173.1371,0.02067963,0.02153617
train,2016,28,5.1883016,5.2069497,-0.0010739858,5.205876,179.16399,182.53642,182.34052,0.018823182,0.01772973
train,2017,28,5.266285,5.2810435,-0.0036209761,5.2774224,193.69504,196.5749,195.86438,0.01486805,0.011199781
train,2018,28,5.291509,5.3095574,-0.0043635885,5.305194,198.64297,202.2607,201.38005,0.01821218,0.01377887
train,2019,28,5.3388257,5.347398,-0.005565182,5.3418326,208.268,210.06096,208.89519,0.008608877,0.003011418
train,2020,28,5.4339623,5.4391785,-0.0068442686,5.4323344,229.05505,230.25296,228.68246,0.0052297753,0.0016266357
train,1995,29,4.533567,4.521245,-0.0060649333,4.51518,93.09001,91.950005,91.39402,0.012246287,0.018218834
train,1996,29,4.6237464,4.6077437,-0.0016587116,4.606085,101.874985,100.25769,100.0915,0.015875284,0.017506609
train,1997,29,4.6547503,4.651271,-0.0005935095,4.650677,105.08298,104.71798,104.65583,0.0034734253,0.0040648533
train,1998,29,4.644708,4.6484046,-0.0032911384,4.6451135,104.033,104.41827,104.07517,0.0037033362,0.00040540303
train,1999,29,4.6925855,4.7002444,-0.0053251176,4.694919,109.13498,109.97405,109.38996,0.007688398,0.002336391
train,2000,29,4.7760177,4.7805386,-0.0053832293,4.7751555,118.630974,119.16851,118.52875,0.004531166,0.0008617164
train,2001,29,4.8588896,4.866749,-0.0037742716,4.8629746,128.88101,129.8979,129.40857,0.007890157,0.0040933676
train,2002,29,4.9442034,4.9564533,-0.0032301852,4.953223,140.359,142.08896,141.63074,0.01232529,0.00906065
train,2003,29,5.0944004,5.1014414,-0.0031079338,5.0983334,163.10602,164.2585,163.74878,0.0070658405,0.0039407574
train,2004,29,5.329937,5.3277373,-0.0014279336,5.326309,206.42496,205.9714,205.67744,0.0021971774,0.0036212327
train,2005,29,5.482229,5.4833207,-0.00024913764,5.483072,240.38197,240.64449,240.5846,0.0010920628,0.0008429145
train,2006,29,5.630423,5.627141,-0.00034568505,5.6267953,278.78003,277.86655,277.7705,0.0032767148,0.0036212117
train,2007,29,5.751528,5.744664,0.00077651534,5.7454405,314.67102,312.51868,312.76135,0.006839981,0.006068776
train,2008,29,5.768971,5.765003,0.001957077,5.76696,320.20807,318.94006,319.56485,0.003959942,0.0020087531
train,2009,29,5.7855716,5.7871532,0.0022805673,5.789434,325.56805,326.08344,326.82797,0.0015830203,0.0038699075
train,2010,29,5.8429356,5.841403,0.0013899016,5.842793,344.79,344.262,344.74088,0.0015314107,0.0001425021
train,2011,29,5.903327,5.901929,0.0004290971,5.902358,366.25394,365.74225,365.89926,0.001397086,0.0009683863
train,2012,29,5.8920197,5.895946,-0.00026160246,5.8956842,362.13596,363.56058,363.4654,0.0039339415,0.0036711
train,2013,29,5.890931,5.897652,-0.001257583,5.8963947,361.74197,364.1814,363.72375,0.0067435433,0.005478438
train,2014,29,5.8816104,5.89083,-0.0022131684,5.888617,358.38593,361.7054,360.90585,0.00926233,0.0070313253
train,2015,29,5.8755317,5.8884125,-0.0041155065,5.884297,356.21402,360.832,359.35,0.012964063,0.008803658
train,2016,29,5.886715,5.898435,-0.0067305225,5.8917046,360.22,364.46667,362.02185,0.011789111,0.0050020805
train,2017,29,5.9144025,5.924197,-0.007424317,5.916773,370.33298,373.97806,371.21182,0.0098427115,0.0023731217
train,2018,29,5.9311943,5.939363,-0.007687056,5.931676,376.60403,379.69296,376.78543,0.008202058,0.00048166368
train,2019,29,5.9135165,5.921486,-0.007595697,5.9138904,370.00494,372.96548,370.1433,0.0080013545,0.00037395905
train,2020,29,5.876713,5.8974977,-0.0070506833,5.890447,356.635,364.12515,361.56693,0.021002265,0.013829027
