level,scenario,province,province_id,year,energy_pred,co2_pred
national,baseline,ALL,-1,2024,549970.3052593798,762102.2192669597
national,baseline,ALL,-1,2025,560915.9493484083,756502.8007524775
national,baseline,ALL,-1,2026,573693.5950560123,759721.8808517958
national,baseline,ALL,-1,2027,586258.7987915499,761751.0548688739
national,baseline,ALL,-1,2028,598918.4655175454,763246.7862795338
national,baseline,ALL,-1,2029,611787.0793959197,764302.9917694967
national,baseline,ALL,-1,2030,624994.9188676904,765089.2270962403
national,baseline,ALL,-1,2031,639821.9422308347,769790.2948953187
national,baseline,ALL,-1,2032,655187.8855395607,774469.3163872701
national,baseline,ALL,-1,2033,671291.0967519481,779903.5220043082
national,baseline,ALL,-1,2034,688072.2905672212,785444.7992820258
national,baseline,ALL,-1,2035,705470.2129106856,791008.9205083774
national,extensive,ALL,-1,2024,553231.8161344075,771426.7402560943
national,extensive,ALL,-1,2025,567777.0890460728,775610.7100445384
national,extensive,ALL,-1,2026,584425.6138557624,789138.522771617
national,extensive,ALL,-1,2027,601115.571460249,801893.7359616482
national,extensive,ALL,-1,2028,618178.3015186731,814565.2375487557
national,extensive,ALL,-1,2029,635734.8549158961,827248.4096021338
national,extensive,ALL,-1,2030,653926.0429612467,840094.1076236954
national,extensive,ALL,-1,2031,674107.7125068095,857610.5189195899
national,extensive,ALL,-1,2032,695164.4812335472,875678.1075618501
national,extensive,ALL,-1,2033,717146.7384678746,894342.0484458003
national,extensive,ALL,-1,2034,740130.7010836655,913707.4558606128
national,extensive,ALL,-1,2035,764074.380229565,933700.7319886643
national,low_carbon,ALL,-1,2024,545340.9454385203,748308.0551465299
national,low_carbon,ALL,-1,2025,551263.1336594285,728577.2152145931
national,low_carbon,ALL,-1,2026,558699.9610225448,717219.019134641
national,low_carbon,ALL,-1,2027,565620.3912920692,704382.7491987505
national,low_carbon,ALL,-1,2028,572328.9752035302,690803.2609112076
national,low_carbon,ALL,-1,2029,579002.8121341909,676914.9186773582
national,low_carbon,ALL,-1,2030,585862.1890448313,663370.4908079465
national,low_carbon,ALL,-1,2031,593897.4009619913,652885.6690612125
national,low_carbon,ALL,-1,2032,602123.7962492616,642043.3303094673
national,low_carbon,ALL,-1,2033,610778.6522512682,631807.1957978606
national,low_carbon,ALL,-1,2034,620060.4641509791,622800.3027066771
national,low_carbon,ALL,-1,2035,629663.2523143903,613594.8901265156
province,baseline,Anhui,0,2024,17610.092277904583,25102.69426275179
province,baseline,Anhui,0,2025,17828.373009919083,24749.383882253893
province,baseline,Anhui,0,2026,18146.35545908227,24742.629081521645
province,baseline,Anhui,0,2027,18363.74924537338,24585.498509757654
province,baseline,Anhui,0,2028,18626.378968155583,24477.07446261963
province,baseline,Anhui,0,2029,18894.7070327943,24363.025056928167
province,baseline,Anhui,0,2030,19164.856870803844,24238.025336882263
province,baseline,Anhui,0,2031,19481.589358618738,24239.812595286607
province,baseline,Anhui,0,2032,19805.947707086405,24237.965140730386
province,baseline,Anhui,0,2033,20141.042267901026,24235.75736166708
province,baseline,Anhui,0,2034,20490.38134611819,24236.679682942
province,baseline,Anhui,0,2035,20851.891742180465,24237.447540262903
province,baseline,Beijing,1,2024,7703.653278155199,7453.078426361688
province,baseline,Beijing,1,2025,7888.574011538716,7652.731237790089
province,baseline,Beijing,1,2026,8068.789729076346,7842.905928027274
province,baseline,Beijing,1,2027,8275.894914526525,8059.95400643675
province,baseline,Beijing,1,2028,8419.556870332168,8215.881423026083
province,baseline,Beijing,1,2029,8557.412492562655,8366.678412073441
province,baseline,Beijing,1,2030,8690.532350975116,8513.360586951976
province,baseline,Beijing,1,2031,8824.22994866495,8651.480150575666
province,baseline,Beijing,1,2032,8959.624974917098,8791.481877641987
province,baseline,Beijing,1,2033,9098.695124963368,8935.31207514309
province,baseline,Beijing,1,2034,9243.010642141586,9084.522992387989
province,baseline,Beijing,1,2035,9390.775142090872,9237.360338351218
province,baseline,Chongqing,2,2024,9924.633315675881,14728.260474824754
province,baseline,Chongqing,2,2025,10144.113731345611,14675.900606870244
province,baseline,Chongqing,2,2026,10401.986927538022,14792.067941591251
province,baseline,Chongqing,2,2027,10597.753753148776,14808.71337390188
province,baseline,Chongqing,2,2028,10763.931785109933,14775.0737527831
province,baseline,Chongqing,2,2029,10913.18690985645,14710.414393476058
province,baseline,Chongqing,2,2030,11048.047541036132,14619.334906600026
province,baseline,Chongqing,2,2031,11194.975012128878,14584.595623991336
province,baseline,Chongqing,2,2032,11335.489196187304,14535.617305137392
province,baseline,Chongqing,2,2033,11472.452262234046,14476.405390908352
province,baseline,Chongqing,2,2034,11608.8201492648,14410.84737105716
province,baseline,Chongqing,2,2035,11744.698699221002,14339.109018010951
province,baseline,Fujian,3,2024,14868.715348149339,18611.236184089623
province,baseline,Fujian,3,2025,15011.499022529319,18230.480566689286
province,baseline,Fujian,3,2026,15194.118570105673,18076.99568399196
province,baseline,Fujian,3,2027,15448.808943808664,17998.455404918735
province,baseline,Fujian,3,2028,15716.799166093866,17922.500794584
province,baseline,Fujian,3,2029,16011.0169449243,17862.569112936988
province,baseline,Fujian,3,2030,16334.121745512897,17819.61838404125
province,baseline,Fujian,3,2031,16716.030441980165,17894.082388463594
province,baseline,Fujian,3,2032,17128.70634870151,17985.216756499416
province,baseline,Fujian,3,2033,17575.197332894048,18094.26995786455
province,baseline,Fujian,3,2034,18060.485416308402,18224.192589359827
province,baseline,Fujian,3,2035,18585.96789025836,18373.983475467496
province,baseline,Gansu,4,2024,8830.535116679817,11147.977117956532
province,baseline,Gansu,4,2025,9127.302397813952,11182.451977554645
province,baseline,Gansu,4,2026,9445.711076309903,11339.264992656827
province,baseline,Gansu,4,2027,9743.497547454916,11456.102939351676
province,baseline,Gansu,4,2028,10019.526569038073,11533.187055017108
province,baseline,Gansu,4,2029,10287.45878368034,11587.516415933089
province,baseline,Gansu,4,2030,10551.749731444652,11624.599504273261
province,baseline,Gansu,4,2031,10836.515859367359,11716.495765313439
province,baseline,Gansu,4,2032,11125.662459857125,11801.380221901802
province,baseline,Gansu,4,2033,11422.207408869994,11882.123260126427
province,baseline,Gansu,4,2034,11729.414329461371,11961.598774069724
province,baseline,Gansu,4,2035,12048.4039302079,12040.271964221136
province,baseline,Guangdong,5,2024,34901.63800046889,41595.36719402289
province,baseline,Guangdong,5,2025,36233.39424206027,41832.12022655371
province,baseline,Guangdong,5,2026,37524.349309650635,42395.775222122036
province,baseline,Guangdong,5,2027,38885.82575416748,42973.59695425769
province,baseline,Guangdong,5,2028,40135.702249533184,43363.59188820906
province,baseline,Guangdong,5,2029,41349.656848360566,43653.92422840109
province,baseline,Guangdong,5,2030,42559.39260673298,43879.94232291932
province,baseline,Guangdong,5,2031,43860.018039372815,44323.10950814694
province,baseline,Guangdong,5,2032,45199.104294648576,44751.108702380814
province,baseline,Guangdong,5,2033,46590.291444892246,45174.803691567984
province,baseline,Guangdong,5,2034,48048.009830193165,45604.69149390778
province,baseline,Guangdong,5,2035,49578.838277874835,46042.79604106618
province,baseline,Guangxi,6,2024,13056.454691065439,19126.171492554175
province,baseline,Guangxi,6,2025,12996.034844660577,18553.301300539773
province,baseline,Guangxi,6,2026,13024.009402118185,18271.571143171066
province,baseline,Guangxi,6,2027,13053.642695078093,17990.74525113752
province,baseline,Guangxi,6,2028,13123.56534257575,17762.987978152945
province,baseline,Guangxi,6,2029,13210.858425044642,17554.858995495822
province,baseline,Guangxi,6,2030,13310.668813335269,17358.74218342264
province,baseline,Guangxi,6,2031,13446.058852414773,17260.06654980539
province,baseline,Guangxi,6,2032,13587.774684614244,17163.838678915472
province,baseline,Guangxi,6,2033,13735.021029954407,17068.681799456375
province,baseline,Guangxi,6,2034,13888.739257212834,16975.406863508466
province,baseline,Guangxi,6,2035,14046.751904001027,16880.999618467653
province,baseline,Guizhou,7,2024,11548.440461193235,19751.009046165807
province,baseline,Guizhou,7,2025,11893.989296097454,19898.703599805172
province,baseline,Guizhou,7,2026,12304.843500662384,20282.1597148289
province,baseline,Guizhou,7,2027,12684.642853138495,20594.900338120984
province,baseline,Guizhou,7,2028,13036.34912799082,20843.962061673094
province,baseline,Guizhou,7,2029,13378.877011798035,21061.202159541364
province,baseline,Guizhou,7,2030,13718.02065098841,21256.27881225297
province,baseline,Guizhou,7,2031,14085.645284163133,21537.585537918563
province,baseline,Guizhou,7,2032,14459.922550463967,21813.877707141182
province,baseline,Guizhou,7,2033,14844.24403525414,22089.79381686817
province,baseline,Guizhou,7,2034,15242.33544891521,22370.185034609694
province,baseline,Guizhou,7,2035,15657.280877562749,22658.66893052695
province,baseline,Hainan,8,2024,2891.5390269310114,3489.1639112748694
province,baseline,Hainan,8,2025,2898.0804775678353,3389.0458931460544
province,baseline,Hainan,8,2026,2916.819385576523,3338.919764733195
province,baseline,Hainan,8,2027,2931.36683220927,3283.173511482053
province,baseline,Hainan,8,2028,2949.869633130017,3231.0410375806214
province,baseline,Hainan,8,2029,2969.683780386414,3179.398551040918
province,baseline,Hainan,8,2030,2997.6478820045118,3167.8304065122898
province,baseline,Hainan,8,2031,3039.615064854812,3214.64223929521
province,baseline,Hainan,8,2032,3082.782712791065,3262.792621581208
province,baseline,Hainan,8,2033,3127.4094059979484,3312.558359154298
province,baseline,Hainan,8,2034,3173.8051863862242,3364.271645646495
province,baseline,Hainan,8,2035,3221.204600515549,3417.124770075106
province,baseline,Hebei,9,2024,41126.532419965704,72672.78759162802
province,baseline,Hebei,9,2025,42556.87874321739,73614.19135534282
province,baseline,Hebei,9,2026,44068.88813675745,75141.22702369935
province,baseline,Hebei,9,2027,45449.4095007566,76372.6246203099
province,baseline,Hebei,9,2028,46748.49044611403,77400.98992862111
province,baseline,Hebei,9,2029,47989.14297513298,78269.88957770458
province,baseline,Hebei,9,2030,49196.7560363206,79024.4348683996
province,baseline,Hebei,9,2031,50482.51430331787,80056.36308927277
province,baseline,Hebei,9,2032,51769.834635169864,81038.09755055494
province,baseline,Hebei,9,2033,53062.0951058467,81974.76105695422
province,baseline,Hebei,9,2034,54365.11623863909,82874.92311946867
province,baseline,Hebei,9,2035,55686.02523763487,83748.64183888503
province,baseline,Heilongjiang,10,2024,12388.68932620368,17286.48112996666
province,baseline,Heilongjiang,10,2025,12338.347064853111,16756.386171433656
province,baseline,Heilongjiang,10,2026,12313.505109048185,16418.530012352407
province,baseline,Heilongjiang,10,2027,12223.598083924142,15996.7517332314
province,baseline,Heilongjiang,10,2028,12225.88043846523,15697.783804934994
province,baseline,Heilongjiang,10,2029,12246.426470311833,15421.702254310927
province,baseline,Heilongjiang,10,2030,12278.41036309104,15158.726809978187
province,baseline,Heilongjiang,10,2031,12346.70526439528,14990.30553357936
province,baseline,Heilongjiang,10,2032,12422.801450959303,14828.400219885192
province,baseline,Heilongjiang,10,2033,12507.162354511749,14673.075477940809
province,baseline,Heilongjiang,10,2034,12600.45475445091,14524.592370637643
province,baseline,Heilongjiang,10,2035,12698.296090146896,14377.44033140482
province,baseline,Henan,11,2024,23073.780587628615,31741.39975593173
province,baseline,Henan,11,2025,23635.051751917228,31632.63292294636
province,baseline,Henan,11,2026,24205.129626829195,31797.794308551027
province,baseline,Henan,11,2027,24756.761207298907,31911.019186233072
province,baseline,Henan,11,2028,25229.509036030584,31897.264206421052
province,baseline,Henan,11,2029,25661.16644877333,31809.222271111383
province,baseline,Henan,11,2030,26064.288069283943,31665.19039513611
province,baseline,Henan,11,2031,26494.052304231394,31644.97254959511
province,baseline,Henan,11,2032,26909.645372937917,31590.523944231405
province,baseline,Henan,11,2033,27316.177617240133,31508.60949716474
province,baseline,Henan,11,2034,27718.994457749326,31405.842037853883
province,baseline,Henan,11,2035,28120.068864818742,31284.644733705685
province,baseline,Hubei,12,2024,20723.64021014147,33901.91423662265
province,baseline,Hubei,12,2025,21390.3681621581,34195.399050029155
province,baseline,Hubei,12,2026,22120.914414596635,34816.93378195087
province,baseline,Hubei,12,2027,22852.56698057216,35404.09639567053
province,baseline,Hubei,12,2028,23451.479136905888,35752.750053714175
province,baseline,Hubei,12,2029,23998.830043213893,35994.48604805548
province,baseline,Hubei,12,2030,24505.786261987538,36149.59706087456
province,baseline,Hubei,12,2031,25023.785461771917,36401.484291970635
province,baseline,Hubei,12,2032,25518.663612103806,36599.00430261983
province,baseline,Hubei,12,2033,26000.894400702833,36758.38397921767
province,baseline,Hubei,12,2034,26479.29224317716,36892.68081624243
province,baseline,Hubei,12,2035,26955.717306284994,37004.68382322252
province,baseline,Hunan,13,2024,17577.90558719834,29712.923986203215
province,baseline,Hunan,13,2025,17716.2445480812,29286.481690178975
province,baseline,Hunan,13,2026,17942.896612118035,29218.003458491155
province,baseline,Hunan,13,2027,18212.20216588776,29206.73251049477
province,baseline,Hunan,13,2028,18489.463624754364,29194.72125849452
province,baseline,Hunan,13,2029,18786.923176097975,29200.408180095954
province,baseline,Hunan,13,2030,19102.399071098553,29218.959522845904
province,baseline,Hunan,13,2031,19470.502469475814,29383.44794469714
province,baseline,Hunan,13,2032,19855.322251173795,29557.751163272238
province,baseline,Hunan,13,2033,20259.261780460718,29744.37121203725
province,baseline,Hunan,13,2034,20686.552914155505,29948.260475517833
province,baseline,Hunan,13,2035,21134.901599930803,30164.710753921117
province,baseline,InnerMongolia,14,2024,29608.886075177834,42346.84551518277
province,baseline,InnerMongolia,14,2025,31232.72556963276,43505.228959928645
province,baseline,InnerMongolia,14,2026,32614.87455624721,44624.9536893522
province,baseline,InnerMongolia,14,2027,33694.07181390213,45269.37762249627
province,baseline,InnerMongolia,14,2028,34570.75845079103,45593.413749067106
province,baseline,InnerMongolia,14,2029,35322.48942546737,45712.43427742766
province,baseline,InnerMongolia,14,2030,36001.56446615328,45702.08942208934
province,baseline,InnerMongolia,14,2031,36706.3882299601,45845.44629099788
province,baseline,InnerMongolia,14,2032,37377.48121439174,45918.5091657431
province,baseline,InnerMongolia,14,2033,38020.162091311395,45929.774607574436
province,baseline,InnerMongolia,14,2034,38646.666600892066,45895.5181691439
province,baseline,InnerMongolia,14,2035,39267.523297055624,45829.02108820465
province,baseline,Jiangsu,15,2024,38671.28665751183,47489.38694269304
province,baseline,Jiangsu,15,2025,39616.821736290425,47174.01067129218
province,baseline,Jiangsu,15,2026,40818.16583244753,47596.39259053218
province,baseline,Jiangsu,15,2027,42045.82271335742,47989.46530502353
province,baseline,Jiangsu,15,2028,43336.69345762315,48392.485267103126
province,baseline,Jiangsu,15,2029,44709.401781175075,48821.10515609504
province,baseline,Jiangsu,15,2030,46178.27725389314,49284.554776495155
province,baseline,Jiangsu,15,2031,47848.11933968276,50087.271248000616
province,baseline,Jiangsu,15,2032,49651.39853640947,50958.57450394086
province,baseline,Jiangsu,15,2033,51598.825786884685,51901.043848912894
province,baseline,Jiangsu,15,2034,53701.71670087048,52916.97740651271
province,baseline,Jiangsu,15,2035,55967.37840655543,54003.878925904006
province,baseline,Jiangxi,16,2024,11492.351070602126,17677.772365697514
province,baseline,Jiangxi,16,2025,11595.105219408904,17403.68135338731
province,baseline,Jiangxi,16,2026,11789.418012822467,17404.160231567308
province,baseline,Jiangxi,16,2027,11921.061948439356,17304.073559613385
province,baseline,Jiangxi,16,2028,12122.756363009952,17297.43619939787
province,baseline,Jiangxi,16,2029,12347.527073324503,17313.192570836298
province,baseline,Jiangxi,16,2030,12591.798068694192,17344.707044667393
province,baseline,Jiangxi,16,2031,12883.65220521527,17482.996288670245
province,baseline,Jiangxi,16,2032,13193.024262531037,17632.750088174223
province,baseline,Jiangxi,16,2033,13520.623637751452,17793.82627023
province,baseline,Jiangxi,16,2034,13869.714916335783,17969.335029175825
province,baseline,Jiangxi,16,2035,14240.107233097899,18157.7131729841
province,baseline,Jilin,17,2024,7871.356792593809,10371.766313546217
province,baseline,Jilin,17,2025,8071.562834608537,10334.742515608457
province,baseline,Jilin,17,2026,8294.461642922219,10415.283146346505
province,baseline,Jilin,17,2027,8498.992741086628,10462.202939810626
province,baseline,Jilin,17,2028,8656.019408470924,10441.715344583483
province,baseline,Jilin,17,2029,8794.051167200745,10391.026927719362
province,baseline,Jilin,17,2030,8917.044114149765,10316.12190359964
province,baseline,Jilin,17,2031,9045.115602171825,10279.134199335118
province,baseline,Jilin,17,2032,9164.84882801775,10227.598087307468
province,baseline,Jilin,17,2033,9278.783568762574,10164.807918752856
province,baseline,Jilin,17,2034,9390.123712100702,10094.564019679543
province,baseline,Jilin,17,2035,9499.465572718293,10017.65456753643
province,baseline,Liaoning,18,2024,27646.48848665947,43821.449314822275
province,baseline,Liaoning,18,2025,26926.30848010155,41676.37450817474
province,baseline,Liaoning,18,2026,26564.284804190323,40459.95178510936
province,baseline,Liaoning,18,2027,26284.157278758154,39384.124598852155
province,baseline,Liaoning,18,2028,26218.700608309795,38638.494997350375
province,baseline,Liaoning,18,2029,26261.923046105912,38053.57492179675
province,baseline,Liaoning,18,2030,26378.829583138715,37571.468376493045
province,baseline,Liaoning,18,2031,26602.963836222556,37346.14098501351
province,baseline,Liaoning,18,2032,26874.29696109318,37176.93074992196
province,baseline,Liaoning,18,2033,27186.39161199357,37052.16576959778
province,baseline,Liaoning,18,2034,27534.219003898015,36962.592117802415
province,baseline,Liaoning,18,2035,27907.892252210637,36892.94544181373
province,baseline,Ningxia,19,2024,8226.654303560861,12387.860163368092
province,baseline,Ningxia,19,2025,8218.379097545807,12069.100204103468
province,baseline,Ningxia,19,2026,8244.944812261456,11904.479636119562
province,baseline,Ningxia,19,2027,8293.779734893462,11770.150262445915
province,baseline,Ningxia,19,2028,8357.465523624234,11654.117517512332
province,baseline,Ningxia,19,2029,8428.564487750755,11545.093205283847
province,baseline,Ningxia,19,2030,8506.988549492242,11442.409584047367
province,baseline,Ningxia,19,2031,8606.875637099847,11400.580960713585
province,baseline,Ningxia,19,2032,8712.090358512824,11361.610833539402
province,baseline,Ningxia,19,2033,8821.864680425648,11324.186146619406
province,baseline,Ningxia,19,2034,8935.19920287404,11286.76447289105
province,baseline,Ningxia,19,2035,9051.841858662974,11248.81393402838
province,baseline,Qinghai,20,2024,4120.925979103216,5127.987779184464
province,baseline,Qinghai,20,2025,4087.0704625173594,4933.533618217534
province,baseline,Qinghai,20,2026,4058.1575210116043,4798.404213740158
province,baseline,Qinghai,20,2027,4012.6614454954693,4645.504507119944
province,baseline,Qinghai,20,2028,4009.5207279814545,4542.841319234745
province,baseline,Qinghai,20,2029,4013.6720440567783,4448.415144459924
province,baseline,Qinghai,20,2030,4023.770583952889,4360.228427390276
province,baseline,Qinghai,20,2031,4047.699034839951,4303.301317505016
province,baseline,Qinghai,20,2032,4074.8078969587395,4248.710720235835
province,baseline,Qinghai,20,2033,4105.104006067968,4196.268314093165
province,baseline,Qinghai,20,2034,4138.615350635747,4145.806407338835
province,baseline,Qinghai,20,2035,4173.68539943017,4095.502052017664
province,baseline,Shaanxi,21,2024,15026.766349898588,20584.804522676182
province,baseline,Shaanxi,21,2025,15079.342879115897,20094.820731910175
province,baseline,Shaanxi,21,2026,15192.68115210327,19870.627139908407
province,baseline,Shaanxi,21,2027,15317.8106376327,19655.96569080565
province,baseline,Shaanxi,21,2028,15459.863359050361,19456.421438762503
province,baseline,Shaanxi,21,2029,15608.473610860327,19257.951122397717
province,baseline,Shaanxi,21,2030,15762.88512360302,19059.154450654078
province,baseline,Shaanxi,21,2031,15951.462945991418,18960.640440622108
province,baseline,Shaanxi,21,2032,16144.199817695644,18859.264555565616
province,baseline,Shaanxi,21,2033,16342.008681434627,18755.819177977275
province,baseline,Shaanxi,21,2034,16545.41569052433,18650.585935713454
province,baseline,Shaanxi,21,2035,16753.00002257997,18541.648528955207
province,baseline,Shandong,22,2024,44636.50133814085,50015.26355540101
province,baseline,Shandong,22,2025,45226.71651731838,48991.000782756935
province,baseline,Shandong,22,2026,45931.655633291586,48620.19295820258
province,baseline,Shandong,22,2027,46899.60317837983,48486.47139334088
province,baseline,Shandong,22,2028,47958.951928525865,48397.173468663415
province,baseline,Shandong,22,2029,49109.447233570514,48345.27621562521
province,baseline,Shandong,22,2030,50345.735097054676,48318.887769172645
province,baseline,Shandong,22,2031,51753.29778171239,48610.39398660644
province,baseline,Shandong,22,2032,53246.13909590867,48922.628714452636
province,baseline,Shandong,22,2033,54816.07000673522,49242.99852643286
province,baseline,Shandong,22,2034,56457.919327284646,49562.22976488753
province,baseline,Shandong,22,2035,58167.3228931921,49872.164123152404
province,baseline,Shanghai,23,2024,12885.22012393022,18169.109515060092
province,baseline,Shanghai,23,2025,13052.667378563587,17918.749565253835
province,baseline,Shanghai,23,2026,13243.396441844485,17853.49771629564
province,baseline,Shanghai,23,2027,13450.730099470338,17800.799261894266
province,baseline,Shanghai,23,2028,13591.357867087234,17651.227770329602
province,baseline,Shanghai,23,2029,13716.820820232642,17475.389679079657
province,baseline,Shanghai,23,2030,13831.335198749552,17279.676015942485
province,baseline,Shanghai,23,2031,13961.615180357545,17156.642313999684
province,baseline,Shanghai,23,2032,14088.320533248596,17023.955462419857
province,baseline,Shanghai,23,2033,14217.507602704465,16889.02933388599
province,baseline,Shanghai,23,2034,14351.373784721813,16754.27684023725
province,baseline,Shanghai,23,2035,14486.973459308185,16616.032118080286
province,baseline,Shanxi,24,2024,20511.277438663834,33478.83194303542
province,baseline,Shanxi,24,2025,21327.090589247324,34015.55442399535
province,baseline,Shanxi,24,2026,22203.61769398655,34865.18273392554
province,baseline,Shanxi,24,2027,22912.4691149718,35412.36298471848
province,baseline,Shanxi,24,2028,23540.25910374346,35801.24638234975
province,baseline,Shanxi,24,2029,24105.66194387803,36065.7786936682
province,baseline,Shanxi,24,2030,24621.995054329287,36230.17842596407
province,baseline,Shanxi,24,2031,25152.231061163922,36495.53112521017
province,baseline,Shanxi,24,2032,25660.207212477708,36707.33288640799
province,baseline,Shanxi,24,2033,26151.894318730618,36875.36980373819
province,baseline,Shanxi,24,2034,26634.845508337374,37011.13783222283
province,baseline,Shanxi,24,2035,27114.258682148982,37122.28992091624
province,baseline,Sichuan,25,2024,21944.817721050866,31498.92961074572
province,baseline,Sichuan,25,2025,22279.6713986004,31149.20512896073
province,baseline,Sichuan,25,2026,22796.67368628397,31308.993700530234
province,baseline,Sichuan,25,2027,23271.371620988033,31386.18838357376
province,baseline,Sichuan,25,2028,23846.42359697601,31572.804224663578
province,baseline,Sichuan,25,2029,24497.11245666629,31829.290394713007
province,baseline,Sichuan,25,2030,25217.62892815476,32142.638099299755
province,baseline,Sichuan,25,2031,26066.34431110247,32690.841013956782
province,baseline,Sichuan,25,2032,27000.887388694497,33310.180559584216
province,baseline,Sichuan,25,2033,28028.99912513468,34004.77739402616
province,baseline,Sichuan,25,2034,29157.328724278585,34776.81616982676
province,baseline,Sichuan,25,2035,30381.923479502017,35615.508908782766
province,baseline,Tianjin,26,2024,8401.267437531164,11841.735079982249
province,baseline,Tianjin,26,2025,8297.544476875439,11386.286249322458
province,baseline,Tianjin,26,2026,8213.071073700185,11067.521387486458
province,baseline,Tianjin,26,2027,8117.316370954447,10738.005687660268
province,baseline,Tianjin,26,2028,8103.037869313578,10518.98851832346
province,baseline,Tianjin,26,2029,8108.951256727238,10326.390125882137
province,baseline,Tianjin,26,2030,8130.241795767428,10152.701972115361
province,baseline,Tianjin,26,2031,8181.059366478644,10048.694519146868
province,baseline,Tianjin,26,2032,8240.050059765685,9952.478236871211
province,baseline,Tianjin,26,2033,8306.429523056226,9862.619914615332
province,baseline,Tianjin,26,2034,8380.618372712072,9779.156615862375
province,baseline,Tianjin,26,2035,8458.831869369636,9697.26991188082
province,baseline,Xinjiang,27,2024,24171.44203124127,26098.81791050152
province,baseline,Xinjiang,27,2025,25111.911953009658,26178.357808953555
province,baseline,Xinjiang,27,2026,26403.45260423152,26872.634785325004
province,baseline,Xinjiang,27,2027,27681.24846960652,27489.46526145153
province,baseline,Xinjiang,27,2028,29100.634323376045,28180.28975797501
province,baseline,Xinjiang,27,2029,30635.318067484513,28909.80609151205
province,baseline,Xinjiang,27,2030,32277.431098954534,29662.240309286208
province,baseline,Xinjiang,27,2031,34082.79755507766,30623.657008076752
province,baseline,Xinjiang,27,2032,35965.552445236215,31579.111968977046
province,baseline,Xinjiang,27,2033,37890.54260512364,32493.70654899318
province,baseline,Xinjiang,27,2034,39814.51873538818,33328.64318996969
province,baseline,Xinjiang,27,2035,41676.69941151756,34034.34836683852
province,baseline,Yunnan,28,2024,13028.526655073305,21086.142651235252
province,baseline,Yunnan,28,2025,13094.291873941824,20704.55673591337
province,baseline,Yunnan,28,2026,13215.203046273959,20569.351126414964
province,baseline,Yunnan,28,2027,13346.367579523963,20443.879020188553
province,baseline,Yunnan,28,2028,13523.081686726615,20380.575468312658
province,baseline,Yunnan,28,2029,13729.101971434717,20351.98635047555
province,baseline,Yunnan,28,2030,13962.467207601441,20353.08137654605
province,baseline,Yunnan,28,2031,14251.069087610798,20482.056806635755
province,baseline,Yunnan,28,2032,14571.01326400371,20643.621371707406
province,baseline,Yunnan,28,2033,14926.176394596867,20841.26327791943
province,baseline,Yunnan,28,2034,15319.40762410189,21076.739638128434
province,baseline,Yunnan,28,2035,15749.630330414831,21346.253491156982
province,baseline,Zhejiang,29,2024,25500.28715127934,23785.051273473422
province,baseline,Zhejiang,29,2025,26040.48757787059,23318.38701356495
province,baseline,Zhejiang,29,2026,26431.21928292448,23015.475953250763
province,baseline,Zhejiang,29,2027,27031.613566744494,22870.653654574064
province,baseline,Zhejiang,29,2028,27586.438848706133,22658.745150073213
province,baseline,Zhejiang,29,2029,28143.21566704662,22420.985235419073
province,baseline,Zhejiang,29,2030,28724.24874938597,22174.448041387015
province,baseline,Zhejiang,29,2031,29379.013391389723,22078.522622916367
province,baseline,Zhejiang,29,2032,30062.28541300321,21989.00228992803
province,baseline,Zhejiang,29,2033,30927.561539511153,22646.958214868195
province,baseline,Zhejiang,29,2034,31859.195098091794,23354.960405423604
province,baseline,Zhejiang,29,2035,32852.856580192194,24109.992778536434
province,extensive,Anhui,0,2024,17714.987557603574,25407.863432360162
province,extensive,Anhui,0,2025,18045.547588242545,25367.962438357434
province,extensive,Anhui,0,2026,18485.227330925165,25691.91587171112
province,extensive,Anhui,0,2027,18832.202303164675,25874.505213355176
province,extensive,Anhui,0,2028,19232.494279150127,26118.458943047557
province,extensive,Anhui,0,2029,19646.186008346747,26367.65793868562
province,extensive,Anhui,0,2030,20069.26910062788,26616.146566363823
province,extensive,Anhui,0,2031,20548.536847968644,27011.669079962972
province,extensive,Anhui,0,2032,21043.732866777405,27416.744150337734
province,extensive,Anhui,0,2033,21558.25917608579,27835.20601756868
province,extensive,Anhui,0,2034,22096.218674698623,28271.626685257357
province,extensive,Anhui,0,2035,22656.054078614063,28723.210457867404
province,extensive,Beijing,1,2024,7735.129282646268,7489.765132731298
province,extensive,Beijing,1,2025,7954.695406297879,7729.698786327498
province,extensive,Beijing,1,2026,8172.9141723129205,7963.8775393328015
province,extensive,Beijing,1,2027,8422.318757844674,8229.71080378908
province,extensive,Beijing,1,2028,8609.842780579633,8436.261839621984
province,extensive,Beijing,1,2029,8793.48047839671,8640.010007725325
province,extensive,Beijing,1,2030,8974.053590603304,8841.73335855715
province,extensive,Beijing,1,2031,9156.7458680631,9036.529184254528
province,extensive,Beijing,1,2032,9342.760863021573,9235.199935254946
province,extensive,Beijing,1,2033,9534.235219185366,9439.877217957703
province,extensive,Beijing,1,2034,9732.923800803466,9652.327831991948
province,extensive,Beijing,1,2035,9936.96736597971,9870.73990142042
province,extensive,Chongqing,2,2024,9983.749825182382,14903.707224155576
province,extensive,Chongqing,2,2025,10265.364799143837,15031.70243277374
province,extensive,Chongqing,2,2026,10588.505979012976,15336.397808443786
province,extensive,Chongqing,2,2027,10851.792022829366,15545.067742576723
province,extensive,Chongqing,2,2028,11088.010905787523,15707.016156496722
province,extensive,Chongqing,2,2029,11309.760106651465,15841.179970029141
province,extensive,Chongqing,2,2030,11519.526006465747,15951.692930392479
province,extensive,Chongqing,2,2031,11744.742603618854,16126.336613421598
province,extensive,Chongqing,2,2032,11966.05943132846,16290.408349167212
province,extensive,Chongqing,2,2033,12186.268234286877,16447.81285167469
province,extensive,Chongqing,2,2034,12408.387248002991,16602.62740846885
province,extensive,Chongqing,2,2035,12632.66963271089,16755.120837499242
province,extensive,Fujian,3,2024,14957.281497070957,18853.509496192328
province,extensive,Fujian,3,2025,15193.974096178681,18719.07308314997
province,extensive,Fujian,3,2026,15475.674694116788,18819.881082422533
province,extensive,Fujian,3,2027,15836.332525616648,19006.48732266781
province,extensive,Fujian,3,2028,16216.715272001577,19204.97562060658
province,extensive,Fujian,3,2029,16630.315599167916,19430.16865702289
province,extensive,Fujian,3,2030,17080.5497228341,19684.417762931862
province,extensive,Fujian,3,2031,17599.5909960686,20076.951380162507
province,extensive,Fujian,3,2032,18158.78097624713,20502.68707807184
province,extensive,Fujian,3,2033,18762.053550560464,20964.613267637895
province,extensive,Fujian,3,2034,19415.7164081266,21468.159243127167
province,extensive,Fujian,3,2035,20122.63229518817,22014.690644250906
province,extensive,Gansu,4,2024,8883.134582732479,11292.427748411686
province,extensive,Gansu,4,2025,9236.361754630389,11478.3690395976
province,extensive,Gansu,4,2026,9615.00983766194,11795.935008031673
province,extensive,Gansu,4,2027,9976.582377231029,12080.773881309065
province,extensive,Gansu,4,2028,10320.518387443151,12333.030398834688
province,extensive,Gansu,4,2029,10660.781221013463,12570.010494382463
province,extensive,Gansu,4,2030,11002.242662018072,12797.556258184597
province,extensive,Gansu,4,2031,11370.366314693443,13092.897885702983
province,extensive,Gansu,4,2032,11748.46080153385,13391.00204680928
province,extensive,Gansu,4,2033,12139.815583013118,13695.2301666143
province,extensive,Gansu,4,2034,12548.152385762029,14009.272533690048
province,extensive,Gansu,4,2035,12975.210852036715,14334.45577628897
province,extensive,Guangdong,5,2024,35109.53112347118,42151.604146217025
province,extensive,Guangdong,5,2025,36687.93142260112,43001.57209442031
province,extensive,Guangdong,5,2026,38253.14103802265,44227.45527324732
province,extensive,Guangdong,5,2027,39917.4365399674,45516.511528060626
province,extensive,Guangdong,5,2028,41499.42744695313,46660.063709611066
province,extensive,Guangdong,5,2029,43075.04551942696,47746.20669257757
province,extensive,Guangdong,5,2030,44677.40163671201,48811.41933270967
province,extensive,Guangdong,5,2031,46407.686256505556,50159.58046851794
province,extensive,Guangdong,5,2032,48213.24619321073,51547.78985157084
province,extensive,Guangdong,5,2033,50109.8105367432,52990.042104245185
province,extensive,Guangdong,5,2034,52114.516918047266,54501.06977848676
province,extensive,Guangdong,5,2035,54237.347733094626,56087.405179045694
province,extensive,Guangxi,6,2024,13134.226030652004,19355.49467386439
province,extensive,Guangxi,6,2025,13150.988856883449,19005.60475561582
province,extensive,Guangxi,6,2026,13255.990053442523,18946.421539641728
province,extensive,Guangxi,6,2027,13362.813929714255,18886.47286902906
province,extensive,Guangxi,6,2028,13511.52802048842,18881.66405120628
province,extensive,Guangxi,6,2029,13679.54654284895,18898.79233227304
province,extensive,Guangxi,6,2030,13862.446953225675,18930.89666219952
province,extensive,Guangxi,6,2031,14084.738549259722,19069.89741822623
province,extensive,Guangxi,6,2032,14316.207442907958,19216.02195126296
province,extensive,Guangxi,6,2033,14556.15160006855,19368.014471430462
province,extensive,Guangxi,6,2034,14805.696494777721,19527.062278512738
province,extensive,Guangxi,6,2035,15062.865279598958,19690.244703667577
province,extensive,Guizhou,7,2024,11617.22924850606,19970.72576578143
province,extensive,Guizhou,7,2025,12035.416018491556,20346.797544226796
province,extensive,Guizhou,7,2026,12522.027059447937,20970.20048497749
province,extensive,Guizhou,7,2027,12979.064408326256,21529.062065412007
province,extensive,Guizhou,7,2028,13411.225391072834,22032.510974965186
province,extensive,Guizhou,7,2029,13837.952589928222,22513.366412793996
province,extensive,Guizhou,7,2030,14265.727203746748,22982.3290875614
province,extensive,Guizhou,7,2031,14728.29666454007,23555.450935809724
province,extensive,Guizhou,7,2032,15203.43511523793,24137.718605190792
province,extensive,Guizhou,7,2033,15695.099979353221,24734.928288429444
province,extensive,Guizhou,7,2034,16207.70684571106,25353.407923399427
province,extensive,Guizhou,7,2035,16745.36124817416,25998.797690609725
province,extensive,Hainan,8,2024,2908.7626047637627,3535.503655939641
province,extensive,Hainan,8,2025,2932.846921868547,3481.23812610349
province,extensive,Hainan,8,2026,2969.7012481020893,3477.7296820757456
province,extensive,Hainan,8,2027,3002.9450803335826,3468.877692943877
province,extensive,Hainan,8,2028,3040.5543058682824,3463.9410113670856
province,extensive,Hainan,8,2029,3079.853057293994,3459.705356607996
province,extensive,Hainan,8,2030,3120.0642919539305,3455.229562896107
province,extensive,Hainan,8,2031,3167.3131645776602,3470.547143016052
province,extensive,Hainan,8,2032,3215.8647127376275,3486.17278282632
province,extensive,Hainan,8,2033,3265.996109705411,3502.3580533984646
province,extensive,Hainan,8,2034,3324.4084717362653,3553.3871438290844
province,extensive,Hainan,8,2035,3388.255935805165,3627.107716375983
province,extensive,Hebei,9,2024,41371.50439700943,73469.1562457164
province,extensive,Hebei,9,2025,43088.85891639585,75291.5593687879
province,extensive,Hebei,9,2026,44915.19656381174,77768.13009557023
province,extensive,Hebei,9,2027,46627.34433358916,79990.68310839665
province,extensive,Hebei,9,2028,48278.24871535082,82054.65826732517
province,extensive,Hebei,9,2029,49890.36175427229,84000.7817660549
province,extensive,Hebei,9,2030,51490.04479748957,85874.87068716256
province,extensive,Hebei,9,2031,53194.31959428402,88095.73028185367
province,extensive,Hebei,9,2032,54922.34351380313,90315.81809622204
province,extensive,Hebei,9,2033,56675.492988245926,92536.54903689584
province,extensive,Hebei,9,2034,58458.89889282114,94765.35985749024
province,extensive,Hebei,9,2035,60281.2172401428,97015.12078519966
province,extensive,Heilongjiang,10,2024,12462.483092384346,17498.94418225378
province,extensive,Heilongjiang,10,2025,12488.400717300217,17179.616286315395
province,extensive,Heilongjiang,10,2026,12543.0884125796,17055.261563090822
province,extensive,Heilongjiang,10,2027,12536.626184487044,16846.99185713201
province,extensive,Heilongjiang,10,2028,12626.660305205158,16767.066254617235
province,extensive,Heilongjiang,10,2029,12738.532983940837,16712.927546827545
province,extensive,Heilongjiang,10,2030,12865.244263411132,16674.46070295936
province,extensive,Heilongjiang,10,2031,13032.769679401646,16739.313138731155
province,extensive,Heilongjiang,10,2032,13211.340132850004,16814.30805661358
province,extensive,Heilongjiang,10,2033,13401.366543574755,16899.576489743507
province,extensive,Heilongjiang,10,2034,13603.609310820417,16995.66688856826
province,extensive,Heilongjiang,10,2035,13813.646507536909,17096.678177376092
province,extensive,Henan,11,2024,23211.220564106712,32134.40256641457
province,extensive,Henan,11,2025,23925.88081439198,32442.29771503246
province,extensive,Henan,11,2026,24662.395585144997,33048.54686833303
province,extensive,Henan,11,2027,25391.475136047124,33621.51200776549
province,extensive,Henan,11,2028,26052.4117028071,34082.12931478223
province,extensive,Henan,11,2029,26682.342257535798,34481.64384562463
province,extensive,Henan,11,2030,27293.62966563999,34837.31554086568
province,extensive,Henan,11,2031,27943.88974063065,35340.804580055104
province,extensive,Henan,11,2032,28590.03985495121,35823.94847073783
province,extensive,Henan,11,2033,29236.79984427937,36292.750186561745
province,extensive,Henan,11,2034,29889.650948904335,36753.92837914868
province,extensive,Henan,11,2035,30551.01923915446,37210.22442356503
province,extensive,Hubei,12,2024,20847.081473362574,34287.01491941903
province,extensive,Hubei,12,2025,21649.3594550177,34989.85423479659
province,extensive,Hubei,12,2026,22526.59431901648,36049.20451548334
province,extensive,Hubei,12,2027,23415.431965595944,37099.02092958608
province,extensive,Hubei,12,2028,24181.5201737059,37928.021994910334
province,extensive,Hubei,12,2029,24906.191887593835,38668.34150306083
province,extensive,Hubei,12,2030,25600.976934279915,39339.67379013442
province,extensive,Hubei,12,2031,26319.88561822633,40136.86138263052
province,extensive,Hubei,12,2032,27026.81949812316,40899.128293112066
province,extensive,Hubei,12,2033,27732.320485212993,41642.72394748829
province,extensive,Hubei,12,2034,28445.612524588178,42381.4414321564
province,extensive,Hubei,12,2035,29169.404560206247,43119.01209024453
province,extensive,Hunan,13,2024,17682.609145475835,30045.269712715315
province,extensive,Hunan,13,2025,17931.103527474836,29956.747483183965
province,extensive,Hunan,13,2026,18273.634891288213,30238.230281205182
province,extensive,Hunan,13,2027,18665.98461027101,30590.456391844946
province,extensive,Hunan,13,2028,19073.253231059836,30954.40858391531
province,extensive,Hunan,13,2029,19508.07373595369,31349.676021779123
province,extensive,Hunan,13,2030,19968.82509948546,31772.364277782348
province,extensive,Hunan,13,2031,20492.360099441506,32365.927206767403
province,extensive,Hunan,13,2032,21041.47728184347,32987.36213321426
province,extensive,Hunan,13,2033,21619.02788913453,33640.209015804896
province,extensive,Hunan,13,2034,22229.965848541997,34331.121864727975
province,extensive,Hunan,13,2035,22872.83180221867,35056.69366036828
province,extensive,InnerMongolia,14,2024,29785.252691400976,42860.779570339655
province,extensive,InnerMongolia,14,2025,31610.625660041005,44587.08201208284
province,extensive,InnerMongolia,14,2026,33202.64865622845,46304.32473578623
province,extensive,InnerMongolia,14,2027,34494.369461557275,47556.88069843649
province,extensive,InnerMongolia,14,2028,35589.44193888845,48500.34184393519
province,extensive,InnerMongolia,14,2029,36566.78357122366,49250.386281963605
province,extensive,InnerMongolia,14,2030,37480.8259706068,49885.07972901558
province,extensive,InnerMongolia,14,2031,38434.503178659776,50705.30702264498
province,extensive,InnerMongolia,14,2032,39365.68792441219,51473.838063797346
province,extensive,InnerMongolia,14,2033,40278.79958402379,52197.18831596982
province,extensive,InnerMongolia,14,2034,41186.36242527292,52892.075108445344
province,extensive,InnerMongolia,14,2035,42100.31588606049,53573.8862231635
province,extensive,Jiangsu,15,2024,38901.63385650687,48114.04929418999
province,extensive,Jiangsu,15,2025,40113.775215899455,48470.64079991925
province,extensive,Jiangsu,15,2026,41607.8520123496,49613.91308835309
province,extensive,Jiangsu,15,2027,43152.18383454307,50768.76316952087
province,extensive,Jiangsu,15,2028,44787.90902930354,51980.53694985013
province,extensive,Jiangsu,15,2029,46534.58772206645,53267.26178066913
province,extensive,Jiangsu,15,2030,48408.99053137869,54642.57134133916
province,extensive,Jiangsu,15,2031,50522.88941300869,56438.36558135154
province,extensive,Jiangsu,15,2032,52806.04405881451,58371.85773553978
province,extensive,Jiangsu,15,2033,55267.79544063607,60447.331431232764
province,extensive,Jiangsu,15,2034,57919.018076245986,62670.29308351679
province,extensive,Jiangsu,15,2035,60768.24109377521,65043.23049038802
province,extensive,Jiangxi,16,2024,11560.805759023173,17884.644024178488
province,extensive,Jiangxi,16,2025,11733.50433831554,17817.592746711696
province,extensive,Jiangxi,16,2026,12000.309473444288,18031.793477868465
province,extensive,Jiangxi,16,2027,12206.75596876814,18147.76829077262
province,extensive,Jiangxi,16,2028,12487.349247522676,18366.22725369646
province,extensive,Jiangxi,16,2029,12795.258291879703,18615.497632539435
province,extensive,Jiangxi,16,2030,13127.467027747129,18889.935463780766
province,extensive,Jiangxi,16,2031,13513.741925638873,19287.876075057717
province,extensive,Jiangxi,16,2032,13923.189344845565,19709.59311299521
province,extensive,Jiangxi,16,2033,14356.803315361138,20155.66986372566
province,extensive,Jiangxi,16,2034,14818.36202150971,20630.519330404975
province,extensive,Jiangxi,16,2035,15308.41452720109,21133.920000334983
province,extensive,Jilin,17,2024,7918.242871288887,10503.11587204676
province,extensive,Jilin,17,2025,8167.954992413659,10601.689306137467
province,extensive,Jilin,17,2026,8442.732377121727,10823.998954160183
province,extensive,Jilin,17,2027,8701.466877439365,11017.251592707704
province,extensive,Jilin,17,2028,8914.802531295996,11145.511479048746
province,extensive,Jilin,17,2029,9111.330830305738,11246.236630274485
province,extensive,Jilin,17,2030,9295.06191197072,11325.115318936165
province,extensive,Jilin,17,2031,9486.90109171126,11448.007468477017
province,extensive,Jilin,17,2032,9672.609137902651,11559.089811438445
province,extensive,Jilin,17,2033,9854.58004352927,11661.410186184828
province,extensive,Jilin,17,2034,10036.064135502249,11758.907882153375
province,extensive,Jilin,17,2035,10217.819175691033,11852.478952718522
province,extensive,Liaoning,18,2024,27811.165996393003,44326.82258587145
province,extensive,Liaoning,18,2025,27262.249486743076,42675.39417819555
province,extensive,Liaoning,18,2026,27078.498040919872,41956.882880284145
province,extensive,Liaoning,18,2027,26985.33631572111,41383.142415601935
province,extensive,Liaoning,18,2028,27118.312850252187,41155.56090150733
province,extensive,Liaoning,18,2029,27371.91631735421,41104.89515929118
province,extensive,Liaoning,18,2030,27711.661980592606,41174.14931877567
province,extensive,Liaoning,18,2031,28174.171271445117,41532.161308910734
province,extensive,Liaoning,18,2032,28697.511873174637,41968.327393066145
province,extensive,Liaoning,18,2033,29275.288946804983,42471.23797490633
province,extensive,Liaoning,18,2034,29902.827653579745,43032.25752773815
province,extensive,Liaoning,18,2035,30570.85029710004,43636.39895429159
province,extensive,Ningxia,19,2024,8275.656727315429,12534.358910610517
province,extensive,Ningxia,19,2025,8317.810083899618,12361.280132831092
province,extensive,Ningxia,19,2026,8395.599695121577,12343.294199119095
province,extensive,Ningxia,19,2027,8496.133925936976,12355.910142443816
province,extensive,Ningxia,19,2028,8612.93618159779,12388.726382761788
province,extensive,Ningxia,19,2029,8738.646100005975,12430.496426299727
province,extensive,Ningxia,19,2030,8873.416436485168,12481.009916694444
province,extensive,Ningxia,19,2031,9032.32477878505,12598.990661627906
province,extensive,Ningxia,19,2032,9198.742490311117,12723.644950492546
province,extensive,Ningxia,19,2033,9371.933510666584,12853.70005072104
province,extensive,Ningxia,19,2034,9550.936276378385,12987.610985330066
province,extensive,Ningxia,19,2035,9735.693261212846,13125.096487492609
province,extensive,Qinghai,20,2024,4145.472453725569,5194.954982147815
province,extensive,Qinghai,20,2025,4135.824303122627,5065.059452024096
province,extensive,Qinghai,20,2026,4131.345496753857,4993.836379905446
province,extensive,Qinghai,20,2027,4110.729652647905,4903.50668627348
province,extensive,Qinghai,20,2028,4133.639244148112,4865.060052020853
province,extensive,Qinghai,20,2029,4164.7693191711305,4835.428583665687
province,extensive,Qinghai,20,2030,4202.874114170577,4812.793320013209
province,extensive,Qinghai,20,2031,4256.268172889767,4824.205663246613
province,extensive,Qinghai,20,2032,4313.873256653508,4839.09401799238
province,extensive,Qinghai,20,2033,4375.698559826862,4857.320985766957
province,extensive,Qinghai,20,2034,4441.81757837189,4878.819366195419
province,extensive,Qinghai,20,2035,4510.58176843295,4901.647184098247
province,extensive,Shaanxi,21,2024,15116.273936478456,20840.230387899242
province,extensive,Shaanxi,21,2025,15262.565997318557,20607.17874318137
province,extensive,Shaanxi,21,2026,15472.570930745467,20644.523206779257
province,extensive,Shaanxi,21,2027,15696.780594172411,20693.911334045137
province,extensive,Shaanxi,21,2028,15941.966085412007,20763.484009237807
province,extensive,Shaanxi,21,2029,16197.880138456454,20839.05651650697
province,extensive,Shaanxi,21,2030,16464.17510748848,20919.674992240864
province,extensive,Shaanxi,21,2031,16770.966410541605,21113.537530593054
province,extensive,Shaanxi,21,2032,17087.09139093199,21311.872397556304
province,extensive,Shaanxi,21,2033,17413.503831414102,21515.530890484795
province,extensive,Shaanxi,21,2034,17750.86010442703,21724.955735651016
province,extensive,Shaanxi,21,2035,18098.111464430836,21938.49204273468
province,extensive,Shandong,22,2024,44902.38059753149,50707.69396154143
province,extensive,Shandong,22,2025,45802.06095134708,50419.06577149774
province,extensive,Shandong,22,2026,46851.23996053173,50828.508692671814
province,extensive,Shandong,22,2027,48196.36595673655,51520.92378239228
province,extensive,Shandong,22,2028,49665.720568960605,52301.352691746084
province,extensive,Shandong,22,2029,51258.061711405564,53162.577007489286
province,extensive,Shandong,22,2030,52967.90583992887,54093.12581118956
province,extensive,Shandong,22,2031,54885.99653957944,55410.6753517442
province,extensive,Shandong,22,2032,56921.74381234083,56800.80955225093
province,extensive,Shandong,22,2033,59065.03150130469,58249.42784726704
province,extensive,Shandong,22,2034,61309.74119158856,59746.79828936431
province,extensive,Shandong,22,2035,63651.51899845037,61285.17381231364
province,extensive,Shanghai,23,2024,12961.971497378647,18391.218486793885
province,extensive,Shanghai,23,2025,13211.14818065504,18368.458886419732
province,extensive,Shanghai,23,2026,13489.347977203002,18540.618607467666
province,extensive,Shanghai,23,2027,13790.64433656467,18735.302771968007
province,extensive,Shanghai,23,2028,14028.943144451268,18835.81546996134
province,extensive,Shanghai,23,2029,14255.721821600413,18913.460470582886
province,extensive,Shanghai,23,2030,14474.958274977298,18974.002001542147
province,extensive,Shanghai,23,2031,14714.262151722214,19115.76383197603
province,extensive,Shanghai,23,2032,14953.161496956378,19251.412796270746
province,extensive,Shanghai,23,2033,15197.930498166234,19388.967454463364
province,extensive,Shanghai,23,2034,15450.849704639406,19531.104859343377
province,extensive,Shanghai,23,2035,15708.981917891348,19673.860795277877
province,extensive,Shanxi,24,2024,20633.45375381075,33859.535584625715
province,extensive,Shanxi,24,2025,21586.49185859537,34808.60323448596
province,extensive,Shanxi,24,2026,22612.564884514213,36103.353161931394
province,extensive,Shanxi,24,2027,23479.274899567325,37113.54521173065
province,extensive,Shanxi,24,2028,24274.757280864316,37984.69937417179
province,extensive,Shanxi,24,2029,25017.19715377108,38748.38216380365
province,extensive,Shanxi,24,2030,25720.062897113523,39427.772074725945
province,extensive,Shanxi,24,2031,26448.88393220406,40235.99523488131
province,extensive,Shanxi,24,2032,27165.931694751976,41009.41449246961
province,extensive,Shanxi,24,2033,27877.170896419648,41757.37710067562
province,extensive,Shanxi,24,2034,28590.44538371937,42491.74435717495
province,extensive,Shanxi,24,2035,29311.791321933742,43221.345475255956
province,extensive,Sichuan,25,2024,22075.53298116792,31880.50998617117
province,extensive,Sichuan,25,2025,22556.913726663774,31933.18767285759
province,extensive,Sichuan,25,2026,23239.2432173057,32529.359483696542
province,extensive,Sichuan,25,2027,23898.107100196237,33071.34401010701
province,extensive,Sichuan,25,2028,24676.226120912015,33755.49423003954
province,extensive,Sichuan,25,2029,25549.754436299558,34543.87723168734
province,extensive,Sichuan,25,2030,26514.118858795537,35425.82826688722
province,extensive,Sichuan,25,2031,27631.973826712943,36596.55554831877
province,extensive,Sichuan,25,2032,28860.362301882527,37886.26297617121
province,extensive,Sichuan,25,2033,30208.66113823233,39303.27597806653
province,extensive,Sichuan,25,2034,31685.273856177562,40854.22675226094
province,extensive,Sichuan,25,2035,33287.85840249517,42531.625218273104
province,extensive,Tianjin,26,2024,8451.309952004047,11986.524098671973
province,extensive,Tianjin,26,2025,8396.695001961645,11669.89205300744
province,extensive,Tianjin,26,2026,8361.212681083092,11487.534408586822
province,extensive,Tianjin,26,2027,8315.53398170055,11292.459315473669
province,extensive,Tianjin,26,2028,8353.090203125035,11210.546131026058
province,extensive,Tianjin,26,2029,8412.283984259946,11156.132876538015
province,extensive,Tianjin,26,2030,8488.477317020775,11122.109666419574
province,extensive,Tianjin,26,2031,8596.67022140509,11163.426973019143
province,extensive,Tianjin,26,2032,8714.788533047718,11214.988951959529
province,extensive,Tianjin,26,2033,8842.111007769134,11275.527961740692
province,extensive,Tianjin,26,2034,8979.25053333707,11345.495776252848
province,extensive,Tianjin,26,2035,9122.381126804763,11419.758770919896
province,extensive,Xinjiang,27,2024,24315.420275794608,26467.911935754935
province,extensive,Xinjiang,27,2025,25417.898497094327,26943.982218871544
province,extensive,Xinjiang,27,2026,26888.577341892782,28075.109179382947
province,extensive,Xinjiang,27,2027,28362.344681511673,29162.608895288868
province,extensive,Xinjiang,27,2028,30001.526594537077,30370.657228766708
province,extensive,Xinjiang,27,2029,31783.681743657533,31668.99758686937
province,extensive,Xinjiang,27,2030,33704.83637666779,33046.908815715775
province,extensive,Xinjiang,27,2031,35826.800727657464,34708.851506506
province,extensive,Xinjiang,27,2032,38062.167201661905,36429.74663630302
province,extensive,Xinjiang,27,2033,40373.86911239641,38170.57536087816
province,extensive,Xinjiang,27,2034,42714.78122924678,39884.65908196866
province,extensive,Xinjiang,27,2035,45018.424471387465,41509.67624022073
province,extensive,Yunnan,28,2024,13106.131640100211,21326.893648584974
province,extensive,Yunnan,28,2025,13255.545238513434,21192.455302696857
province,extensive,Yunnan,28,2026,13467.329583086006,21316.75580939978
province,extensive,Yunnan,28,2027,13696.692469974576,21461.860968157056
province,extensive,Yunnan,28,2028,13978.75589686937,21681.40676347293
province,extensive,Yunnan,28,2029,14297.338931474862,21948.037914865356
province,extensive,Yunnan,28,2030,14650.851552644843,22257.59555984064
province,extensive,Yunnan,28,2031,15069.088199732874,22716.91407220798
province,extensive,Yunnan,28,2032,15527.530922378879,23226.600825068024
province,extensive,Yunnan,28,2033,16030.801696001401,23792.106217536708
province,extensive,Yunnan,28,2034,16582.613536989124,24417.32622528035
province,extensive,Yunnan,28,2035,17182.883746297335,25100.438581571627
province,extensive,Zhejiang,29,2024,25652.18071951999,24152.108024493624
province,extensive,Zhejiang,29,2025,26359.295218569965,24067.05414492911
province,extensive,Zhejiang,29,2026,26925.44034257508,24155.528892657352
province,extensive,Zhejiang,29,2027,27714.501228193065,24422.423262859942
province,extensive,Zhejiang,29,2028,28470.513683059144,24635.609666205582
province,extensive,Zhejiang,29,2029,29241.219100592934,24837.216793642583
province,extensive,Zhejiang,29,2030,30050.356835164333,25046.329505877675
province,extensive,Zhejiang,29,2031,30951.028667835486,25435.3883899145
province,extensive,Zhejiang,29,2032,31893.477108907213,25837.244048087206
province,extensive,Zhejiang,29,2033,32884.06164587236,26255.50971072895
province,extensive,Zhejiang,29,2034,33930.03260333756,26694.202250677292
province,extensive,Zhejiang,29,2035,35035.02899993877,27154.20071582975
province,low_carbon,Anhui,0,2024,17461.099875567983,24651.09268991752
province,low_carbon,Anhui,0,2025,17521.574988287593,23843.39508635712
province,low_carbon,Anhui,0,2026,17669.94646918164,23366.80869654416
province,low_carbon,Anhui,0,2027,17708.38477088269,22737.67310378763
province,low_carbon,Anhui,0,2028,17783.684451882484,22151.500433840425
province,low_carbon,Anhui,0,2029,17857.39205520039,21557.6230774202
province,low_carbon,Anhui,0,2030,17926.402553825108,20952.595239350685
province,low_carbon,Anhui,0,2031,18033.221303772945,20461.25110903671
province,low_carbon,Anhui,0,2032,18141.154485756604,19963.833386653456
province,low_carbon,Anhui,0,2033,18253.29782471223,19463.528809604988
province,low_carbon,Anhui,0,2034,18372.785949866106,18963.14114597565
province,low_carbon,Anhui,0,2035,18497.352310723418,18459.655550363983
province,low_carbon,Beijing,1,2024,7662.208722627458,7409.917044297105
province,low_carbon,Beijing,1,2025,7801.9831591826,7562.487584506033
province,low_carbon,Beijing,1,2026,7932.884674683989,7701.286040885224
province,low_carbon,Beijing,1,2027,8085.2708951927425,7861.367459727201
province,low_carbon,Beijing,1,2028,8172.819312794826,7958.7669949554165
province,low_carbon,Beijing,1,2029,8252.806530968877,8049.055002811102
province,low_carbon,Beijing,1,2030,8326.7077920206,8133.638448751709
province,low_carbon,Beijing,1,2031,8400.060421490014,8208.734293460031
province,low_carbon,Beijing,1,2032,8473.939531445525,8284.404992149952
province,low_carbon,Beijing,1,2033,8550.15894094083,8362.42518586347
province,low_carbon,Beijing,1,2034,8630.09727285551,8444.14667119757
province,low_carbon,Beijing,1,2035,8712.087311205241,8527.942045980239
province,low_carbon,Chongqing,2,2024,9840.664706274116,14468.833066724392
province,low_carbon,Chongqing,2,2025,9973.567735091825,14155.889043720046
province,low_carbon,Chongqing,2,2026,10141.644334651797,14005.028116625395
province,low_carbon,Chongqing,2,2027,10245.433320848888,13754.950594494887
province,low_carbon,Chongqing,2,2028,10317.27943934326,13455.244312895753
province,low_carbon,Chongqing,2,2029,10370.008240848752,13125.822820658002
province,low_carbon,Chongqing,2,2030,10406.332997734866,12772.21845431057
province,low_carbon,Chongqing,2,2031,10451.475337344787,12470.497017061263
province,low_carbon,Chongqing,2,2032,10488.299238479942,12156.049394430336
province,low_carbon,Chongqing,2,2033,10519.864663843533,11833.170279654156
province,low_carbon,Chongqing,2,2034,10549.141279217394,11505.637646074545
province,low_carbon,Chongqing,2,2035,10576.166045308328,11173.725168610352
province,low_carbon,Fujian,3,2024,14742.916710389844,18251.795518786344
province,low_carbon,Fujian,3,2025,14754.658485444535,17514.2869447756
province,low_carbon,Fujian,3,2026,14800.58747717002,17000.49327922277
province,low_carbon,Fujian,3,2027,14910.438092682434,16554.14069111021
province,low_carbon,Fujian,3,2028,15026.598982951455,16106.115622446327
province,low_carbon,Fujian,3,2029,15161.43680964841,15668.471399759192
province,low_carbon,Fujian,3,2030,15316.834165128732,15240.92981498435
province,low_carbon,Fujian,3,2031,15519.935239678438,14912.708211437228
province,low_carbon,Fujian,3,2032,15743.89821951009,14589.939499536455
province,low_carbon,Fujian,3,2033,15990.92833998811,14272.45337375889
province,low_carbon,Fujian,3,2034,16264.61153328373,13960.963257975713
province,low_carbon,Fujian,3,2035,16564.841505772885,13652.649339084388
province,low_carbon,Gansu,4,2024,8755.823262807102,10933.703475630253
province,low_carbon,Gansu,4,2025,8973.676561960841,10748.356233563443
province,low_carbon,Gansu,4,2026,9208.571625691866,10676.114600067041
province,low_carbon,Gansu,4,2027,9418.273814079208,10557.593531497605
province,low_carbon,Gansu,4,2028,9601.07799246844,10393.849166509477
province,low_carbon,Gansu,4,2029,9770.291374444174,10201.875028377171
province,low_carbon,Gansu,4,2030,9929.937016194168,9987.282984875941
province,low_carbon,Gansu,4,2031,10102.460402748804,9815.60163214489
province,low_carbon,Gansu,4,2032,10272.816946739444,9630.098756990623
province,low_carbon,Gansu,4,2033,10443.85965651784,9433.57350520056
province,low_carbon,Gansu,4,2034,10618.41856136459,9228.415102383407
province,low_carbon,Gansu,4,2035,10797.094571253485,9014.764818177815
province,low_carbon,Guangdong,5,2024,34606.348299023266,40769.33738248478
province,low_carbon,Guangdong,5,2025,35594.64629871209,40119.38066653314
province,low_carbon,Guangdong,5,2026,36511.232042147516,39750.52303213782
province,low_carbon,Guangdong,5,2027,37466.947133742826,39352.373709729385
province,low_carbon,Guangdong,5,2028,38279.73179927882,38736.194505989755
province,low_carbon,Guangdong,5,2029,39026.36703979533,37993.198479694074
province,low_carbon,Guangdong,5,2030,39738.06691561201,37160.19480188857
province,low_carbon,Guangdong,5,2031,40503.29529078897,36491.78398537422
province,low_carbon,Guangdong,5,2032,41271.89846272818,35774.002696374955
province,low_carbon,Guangdong,5,2033,42213.704527179514,35824.666554374715
province,low_carbon,Guangdong,5,2034,43406.85155682596,36855.02776567075
province,low_carbon,Guangdong,5,2035,44696.0641096796,37967.97215165601
province,low_carbon,Guangxi,6,2024,12945.98891270824,18786.992063085843
province,low_carbon,Guangxi,6,2025,12777.910369035983,17891.789336764068
province,low_carbon,Guangxi,6,2026,12699.803846634708,17294.776542632946
province,low_carbon,Guangxi,6,2027,12623.975473539875,16706.77695729115
province,low_carbon,Guangxi,6,2028,12587.254361149491,16174.854239692144
province,low_carbon,Guangxi,6,2029,12566.208533696497,15665.292687590561
province,low_carbon,Guangxi,6,2030,12555.403204239183,15169.720170554281
province,low_carbon,Guangxi,6,2031,12575.981296547605,14764.861803002945
province,low_carbon,Guangxi,6,2032,12600.140796192063,14362.6795120348
province,low_carbon,Guangxi,6,2033,12627.050056919254,13961.88660595759
province,low_carbon,Guangxi,6,2034,12657.47577060375,13563.022749661586
province,low_carbon,Guangxi,6,2035,12689.102528694428,13163.32553048497
province,low_carbon,Guizhou,7,2024,11450.733427044817,19427.028100079155
province,low_carbon,Guizhou,7,2025,11695.04502355488,19245.424602847645
province,low_carbon,Guizhou,7,2026,12001.88387084933,19289.511808243857
province,low_carbon,Guizhou,7,2027,12276.969193689347,19260.219802477324
province,low_carbon,Guizhou,7,2028,12520.677761033081,19161.783012403255
province,low_carbon,Guizhou,7,2029,12751.097617228454,19024.80344936297
province,low_carbon,Guizhou,7,2030,12973.033027845477,18857.7954456602
province,low_carbon,Guizhou,7,2031,13215.711678764119,18758.97590551681
province,low_carbon,Guizhou,7,2032,13458.007420637003,18643.041272040064
province,low_carbon,Guizhou,7,2033,13702.62905455125,18513.690671937613
province,low_carbon,Guizhou,7,2034,13952.530990623687,18374.576444112798
province,low_carbon,Guizhou,7,2035,14209.609919566963,18227.590313259367
province,low_carbon,Hainan,8,2024,2867.0747970295597,3420.3644760958205
province,low_carbon,Hainan,8,2025,2849.066346795785,3253.6638334858326
province,low_carbon,Hainan,8,2026,2842.788225466241,3137.3367703946824
province,low_carbon,Hainan,8,2027,2831.845027553852,3016.522534443483
province,low_carbon,Hainan,8,2028,2840.6777190463945,2985.4614368944526
province,low_carbon,Hainan,8,2029,2861.345280168992,3011.4801232896007
province,low_carbon,Hainan,8,2030,2882.6852418039985,3038.2695863644494
province,low_carbon,Hainan,8,2031,2906.7894573060626,3064.8665387371107
province,low_carbon,Hainan,8,2032,2931.7258979397884,3092.3610809939255
province,low_carbon,Hainan,8,2033,2957.6438127068905,3120.9117246198484
province,low_carbon,Hainan,8,2034,2984.7887921589663,3150.7789251662457
province,low_carbon,Hainan,8,2035,3012.5045689528574,3181.271159157518
province,low_carbon,Hebei,9,2024,40778.57621574337,71499.26383057657
province,low_carbon,Hebei,9,2025,41806.81884156853,71171.24319447193
province,low_carbon,Hebei,9,2026,42882.84816032842,71356.44226726571
province,low_carbon,Hebei,9,2027,43805.5303280616,71209.72736371291
province,low_carbon,Hebei,9,2028,44620.74557841532,70821.58378569172
province,low_carbon,Hebei,9,2029,45352.13289977112,70241.00294416396
province,low_carbon,Hebei,9,2030,46023.72954857407,69513.94703212628
province,low_carbon,Hebei,9,2031,46738.853952866484,68996.99972336635
province,low_carbon,Hebei,9,2032,47427.32477821311,68392.74492307099
province,low_carbon,Hebei,9,2033,48095.13874275582,67712.35757080549
province,low_carbon,Hebei,9,2034,48748.9700107935,66967.12359170552
province,low_carbon,Hebei,9,2035,49394.11029949619,66165.56483791248
province,low_carbon,Heilongjiang,10,2024,12283.873260768947,16971.937616808296
province,low_carbon,Heilongjiang,10,2025,12126.82634160633,16136.850372348996
province,low_carbon,Heilongjiang,10,2026,11991.48095040456,15496.300917640338
province,low_carbon,Heilongjiang,10,2027,11785.971606151728,14778.16842286938
province,low_carbon,Heilongjiang,10,2028,11668.090725569526,14182.328853237137
province,low_carbon,Heilongjiang,10,2029,11565.197046652898,13613.183226372606
province,low_carbon,Heilongjiang,10,2030,11471.014164632232,13061.858265987546
province,low_carbon,Heilongjiang,10,2031,11409.23752685957,12601.660561605828
province,low_carbon,Heilongjiang,10,2032,11353.31893447096,12151.954795342863
province,low_carbon,Heilongjiang,10,2033,11303.952351358314,11712.859526185437
province,low_carbon,Heilongjiang,10,2034,11261.838041292702,11284.404774638597
province,low_carbon,Heilongjiang,10,2035,11222.864689543027,10861.868040737345
province,low_carbon,Henan,11,2024,22878.56196262164,31159.411349051934
province,low_carbon,Henan,11,2025,23225.593490761134,30448.241739071684
province,low_carbon,Henan,11,2026,23565.651702495616,29989.17667396919
province,low_carbon,Henan,11,2027,23874.491060342225,29465.466751398915
province,low_carbon,Henan,11,2028,24092.86915881285,28809.867076340546
province,low_carbon,Henan,11,2029,24259.989367756058,28078.171673907367
province,low_carbon,Henan,11,2030,24389.25523439441,27291.283553714835
province,low_carbon,Henan,11,2031,24533.146962490933,26613.99903678906
province,low_carbon,Henan,11,2032,24654.598930111464,25903.304670052523
province,low_carbon,Henan,11,2033,24759.65664879894,25167.645882738943
province,low_carbon,Henan,11,2034,24853.945599410235,24414.229204067782
province,low_carbon,Henan,11,2035,24939.397524764867,23645.990099197636
province,low_carbon,Hubei,12,2024,20548.305243615385,33333.57104208092
province,low_carbon,Hubei,12,2025,21026.304282193796,33037.27291846051
province,low_carbon,Hubei,12,2026,21555.20910397812,33040.62996087359
province,low_carbon,Hubei,12,2027,22072.585264647318,32986.14034357752
province,low_carbon,Hubei,12,2028,22445.568878778955,32681.676785849788
province,low_carbon,Hubei,12,2029,22755.318321473816,32258.926074807252
province,low_carbon,Hubei,12,2030,23012.771316491544,31740.258212411747
province,low_carbon,Hubei,12,2031,23266.229994671732,31294.832841015086
province,low_carbon,Hubei,12,2032,23484.839765827463,30786.402484310795
province,low_carbon,Hubei,12,2033,23679.4342052137,30232.371112433397
province,low_carbon,Hubei,12,2034,23858.82291699781,29646.147046074973
province,low_carbon,Hubei,12,2035,24024.404274491935,29030.9788122033
province,low_carbon,Hunan,13,2024,17429.185504409867,29222.754211379233
province,low_carbon,Hunan,13,2025,17413.708494049057,28309.22786203893
province,low_carbon,Hunan,13,2026,17480.485919100272,27746.571310808882
province,low_carbon,Hunan,13,2027,17581.458022105202,27231.750326481575
province,low_carbon,Hunan,13,2028,17682.766538300246,26709.68323807545
province,low_carbon,Hunan,13,2029,17796.334186052532,26197.882658921837
province,low_carbon,Hunan,13,2030,17919.52958332324,25691.163807846955
province,low_carbon,Hunan,13,2031,18084.251942658586,25309.386761096244
province,low_carbon,Hunan,13,2032,18256.785396357533,24927.017515446005
province,low_carbon,Hunan,13,2033,18439.314758551667,24546.163750319676
province,low_carbon,Hunan,13,2034,18635.4518321992,24170.485352556752
province,low_carbon,Hunan,13,2035,18842.252775591212,23794.869775956467
province,low_carbon,InnerMongolia,14,2024,29358.376367606015,41586.35494217884
province,low_carbon,InnerMongolia,14,2025,30700.633848316673,41922.861177756495
province,low_carbon,InnerMongolia,14,2026,31792.463836109968,42193.02874361169
province,low_carbon,InnerMongolia,14,2027,32578.506631240176,41985.26754430678
province,low_carbon,InnerMongolia,14,2028,33154.786336821126,41454.86552531996
province,low_carbon,InnerMongolia,14,2029,33597.00962140845,40717.738478416184
province,low_carbon,InnerMongolia,14,2030,33954.7005261797,39847.44770461006
province,low_carbon,InnerMongolia,14,2031,34320.22817458725,39103.68949899012
province,low_carbon,InnerMongolia,14,2032,34638.35762451788,38282.5662981051
province,low_carbon,InnerMongolia,14,2033,34915.949227187244,37396.28458344109
province,low_carbon,InnerMongolia,14,2034,35165.12738026493,36461.57128140367
province,low_carbon,InnerMongolia,14,2035,35394.81273446884,35490.28376725187
province,low_carbon,Jiangsu,15,2024,38344.10336910969,46562.28279071849
province,low_carbon,Jiangsu,15,2025,38918.451823238254,45276.056178167935
province,low_carbon,Jiangsu,15,2026,39717.54090842893,44680.60798115666
province,low_carbon,Jiangsu,15,2027,40513.34046721111,44020.21866741676
province,low_carbon,Jiangsu,15,2028,41337.04668309155,43327.965858207106
province,low_carbon,Jiangsu,15,2029,42205.66650356366,42617.807895638114
province,low_carbon,Jiangsu,15,2030,43130.12381973766,41895.18211007018
province,low_carbon,Jiangsu,15,2031,44205.34036370136,41429.11557642441
province,low_carbon,Jiangsu,15,2032,45367.05289700725,40967.67696420027
province,low_carbon,Jiangsu,15,2033,46626.60228043477,40511.853156626436
province,low_carbon,Jiangsu,15,2034,47994.71650223797,40060.5694113062
province,low_carbon,Jiangsu,15,2035,49475.96807126187,39606.35711805213
province,low_carbon,Jiangxi,16,2024,11395.118587802894,17372.094222806238
province,low_carbon,Jiangxi,16,2025,11400.220379695613,16798.8027774261
province,low_carbon,Jiangxi,16,2026,11494.450471789089,16496.291686845
province,low_carbon,Jiangxi,16,2027,11523.464315850455,16095.453000831509
province,low_carbon,Jiangxi,16,2028,11617.897196999973,15781.248555311493
province,low_carbon,Jiangxi,16,2029,11730.600289265443,15483.907966455043
province,low_carbon,Jiangxi,16,2030,11857.320368534065,15195.875850670425
province,low_carbon,Jiangxi,16,2031,12023.993353161914,14998.617545473646
province,low_carbon,Jiangxi,16,2032,12201.88335815139,14803.5775298583
province,low_carbon,Jiangxi,16,2033,12391.479854349967,14610.18305801491
province,low_carbon,Jiangxi,16,2034,12595.50925840527,14420.355519343226
province,low_carbon,Jiangxi,16,2035,12813.023751001543,14231.562643398458
province,low_carbon,Jilin,17,2024,7804.760187665832,10177.089464563396
province,low_carbon,Jilin,17,2025,7935.891629659901,9943.58712871422
province,low_carbon,Jilin,17,2026,8087.208044713598,9822.652359963577
province,low_carbon,Jilin,17,2027,8217.43754441796,9665.294807700533
province,low_carbon,Jilin,17,2028,8297.864314132396,9441.270839730378
province,low_carbon,Jilin,17,2029,8356.93368627166,9187.590152779445
province,low_carbon,Jilin,17,2030,8398.585903270741,8910.893585285352
province,low_carbon,Jilin,17,2031,8441.955892580336,8668.44747980963
province,low_carbon,Jilin,17,2032,8474.911119688753,8412.699158930272
province,low_carbon,Jilin,17,2033,8500.269739842575,8147.417411510014
province,low_carbon,Jilin,17,2034,8521.25978492365,7876.364697828349
province,low_carbon,Jilin,17,2035,8538.37457942533,7600.4279729579
province,low_carbon,Liaoning,18,2024,27412.581890896377,43075.14005509086
province,low_carbon,Liaoning,18,2025,26452.955075272537,40218.9100530634
province,low_carbon,Liaoning,18,2026,25843.845750835586,38300.47199670261
province,low_carbon,Liaoning,18,2027,25305.817686263246,36531.42385351335
province,low_carbon,Liaoning,18,2028,24969.340777838086,35086.91376675473
province,low_carbon,Liaoning,18,2029,24728.574974566276,33799.06187567405
province,low_carbon,Liaoning,18,2030,24548.662405217758,32610.537505087294
province,low_carbon,Liaoning,18,2031,24459.836107317802,31656.747709718256
province,low_carbon,Liaoning,18,2032,24405.602110987715,30752.61681203796
province,low_carbon,Liaoning,18,2033,24380.144369330825,29887.46889912522
province,low_carbon,Liaoning,18,2034,24378.669264543143,29052.64144847725
province,low_carbon,Liaoning,18,2035,24391.332528175666,28234.280729203703
province,low_carbon,Ningxia,19,2024,8157.051659319288,12171.299505437202
province,low_carbon,Ningxia,19,2025,8078.170689215783,11641.855276324377
province,low_carbon,Ningxia,19,2026,8033.673731274801,11269.251483726077
province,low_carbon,Ningxia,19,2027,8011.39564088849,10930.37927919909
province,low_carbon,Ningxia,19,2028,8002.738431214358,10611.278630711586
province,low_carbon,Ningxia,19,2029,8000.182820974169,10300.698984150657
province,low_carbon,Ningxia,19,2030,8003.36619446949,9997.484506863775
province,low_carbon,Ningxia,19,2031,8025.176181177952,9750.508398636137
province,low_carbon,Ningxia,19,2032,8050.240527503858,9505.88460867416
province,low_carbon,Ningxia,19,2033,8077.815322581291,9262.426527217034
province,low_carbon,Ningxia,19,2034,8106.913325988082,9018.77852298879
province,low_carbon,Ningxia,19,2035,8137.107202891628,8774.323652502064
province,low_carbon,Qinghai,20,2024,4086.060366147392,5028.622766091847
province,low_carbon,Qinghai,20,2025,4018.428318547942,4740.570231962759
province,low_carbon,Qinghai,20,2026,3955.6736202265174,4514.648084800621
province,low_carbon,Qinghai,20,2027,3875.752984972807,4274.612737318357
province,low_carbon,Qinghai,20,2028,3836.845616160679,4084.374152853362
province,low_carbon,Qinghai,20,2029,3804.2391248275417,3903.588927052026
province,low_carbon,Qinghai,20,2030,3776.5209769606477,3730.136051997763
province,low_carbon,Qinghai,20,2031,3761.0556479131897,3586.345403570941
province,low_carbon,Qinghai,20,2032,3747.8610429102214,3445.699308443045
province,low_carbon,Qinghai,20,2033,3737.0009297247843,3308.0214424065025
province,low_carbon,Qinghai,20,2034,3728.4999800746828,3173.0934932634073
province,low_carbon,Qinghai,20,2035,3720.7667282719067,3039.3736064801233
province,low_carbon,Shaanxi,21,2024,14899.630501744581,20206.51925508554
province,low_carbon,Shaanxi,21,2025,14821.507204041609,19345.118102207554
province,low_carbon,Shaanxi,21,2026,14801.640061477996,18750.834016170502
province,low_carbon,Shaanxi,21,2027,14791.49806704006,18170.02211509114
province,low_carbon,Shaanxi,21,2028,14794.060924903935,17605.108003574296
province,low_carbon,Shaanxi,21,2029,14798.87027666241,17042.584168337264
province,low_carbon,Shaanxi,21,2030,14804.800076983756,16480.938295236523
province,low_carbon,Shaanxi,21,2031,14838.015176531393,16010.89889236423
province,low_carbon,Shaanxi,21,2032,14870.425513691504,15537.748692794621
province,low_carbon,Shaanxi,21,2033,14903.120721619349,15062.671491338657
province,low_carbon,Shaanxi,21,2034,14936.732017424578,14586.254492038888
province,low_carbon,Shaanxi,21,2035,14969.679413609441,14106.914860445057
province,low_carbon,Shandong,22,2024,44258.848600079196,48985.75689674304
province,low_carbon,Shandong,22,2025,44416.04427448237,46895.85551720674
province,low_carbon,Shandong,22,2026,44644.279249307605,45422.582142313935
province,low_carbon,Shandong,22,2027,45094.53139561275,44149.143911121355
province,low_carbon,Shandong,22,2028,45596.8717888185,42890.124270770706
province,low_carbon,Shandong,22,2029,46153.485458129166,41641.494387251165
province,low_carbon,Shandong,22,2030,46759.92234071267,40393.15815615705
province,low_carbon,Shandong,22,2031,47494.86035318387,39405.128681145055
province,low_carbon,Shandong,22,2032,48278.72567185451,38405.795284382
province,low_carbon,Shandong,22,2033,49105.23297140898,37385.357212002185
province,low_carbon,Shandong,22,2034,49970.33984398687,36336.50375146702
province,low_carbon,Shandong,22,2035,50869.24037552909,35251.94760329219
province,low_carbon,Shanghai,23,2024,12776.203097181924,17840.353494592466
province,low_carbon,Shanghai,23,2025,12829.922529955775,17261.424744258722
province,low_carbon,Shanghai,23,2026,12900.555099248853,16861.098546882124
province,low_carbon,Shanghai,23,2027,12980.39482094021,16467.02831478406
province,low_carbon,Shanghai,23,2028,12990.300722769356,15980.793450582358
province,low_carbon,Shanghai,23,2029,12982.096580881416,15472.214091457568
province,low_carbon,Shanghai,23,2030,12960.541845113297,14948.866020247144
province,low_carbon,Shanghai,23,2031,12951.342893281088,14495.708436872063
province,low_carbon,Shanghai,23,2032,12936.914255416186,14037.504915294967
province,low_carbon,Shanghai,23,2033,12941.32038497616,13677.943561436374
province,low_carbon,Shanghai,23,2034,13035.520425477958,13782.850055057474
province,low_carbon,Shanghai,23,2035,13132.166923013112,13890.421508782993
province,low_carbon,Shanxi,24,2024,20337.739194096346,32916.953044371185
province,low_carbon,Shanxi,24,2025,20961.67219426372,32858.38205677337
province,low_carbon,Shanxi,24,2026,21631.67994255295,33078.036669232206
province,low_carbon,Shanxi,24,2027,22124.963284767477,32982.7854864958
province,low_carbon,Shanxi,24,2028,22526.493571883027,32716.39439777175
province,low_carbon,Shanxi,24,2029,22855.92686090245,32317.225561776188
province,low_carbon,Shanxi,24,2030,23126.847913103997,31812.270717825104
province,low_carbon,Shanxi,24,2031,23399.158533675512,31387.29993527025
province,low_carbon,Shanxi,24,2032,23639.484008614952,30901.90795587653
province,low_carbon,Shanxi,24,2033,23854.358196671958,30367.691478625933
province,low_carbon,Shanxi,24,2034,24051.506554530024,29796.83039657832
province,low_carbon,Shanxi,24,2035,24235.640221284917,29196.817321371185
province,low_carbon,Sichuan,25,2024,21759.15082848151,30934.32858558722
province,low_carbon,Sichuan,25,2025,21889.0137628131,30003.267771818653
province,low_carbon,Sichuan,25,2026,22176.97740233458,29546.42790958059
province,low_carbon,Sichuan,25,2027,22398.732240518737,28981.805769058847
province,low_carbon,Sichuan,25,2028,22698.578489308038,28498.197966442705
province,low_carbon,Sichuan,25,2029,23051.45249525784,28056.103670547178
province,low_carbon,Sichuan,25,2030,23450.78896162367,27641.675822005862
province,low_carbon,Sichuan,25,2031,23950.023184915433,27411.75582373059
province,low_carbon,Sichuan,25,2032,24508.433321910303,27213.425308761605
province,low_carbon,Sichuan,25,2033,25132.198549266563,27047.268183147073
province,low_carbon,Sichuan,25,2034,25826.10564352849,26911.5728605945
province,low_carbon,Sichuan,25,2035,26584.60750683295,26793.55840113487
province,low_carbon,Tianjin,26,2024,8330.187456890726,11627.423021634551
province,low_carbon,Tianjin,26,2025,8158.1361492193355,10971.450563102257
province,low_carbon,Tianjin,26,2026,8006.3140475838545,10459.846513476612
province,low_carbon,Tianjin,26,2027,7842.159320753378,9944.263387735244
province,low_carbon,Tianjin,26,2028,7757.9152412272515,9539.54911080316
province,low_carbon,Tianjin,26,2029,7692.766526934878,9164.051904708704
province,low_carbon,Tianjin,26,2030,7641.720916494835,8809.816731020108
province,low_carbon,Tianjin,26,2031,7617.868676215074,8522.01591969985
province,low_carbon,Tianjin,26,2032,7600.930282454208,8243.34335934288
province,low_carbon,Tianjin,26,2033,7590.098343954774,7972.242269999536
province,low_carbon,Tianjin,26,2034,7585.598671375363,7708.316142694621
province,low_carbon,Tianjin,26,2035,7583.796950108996,7447.346931953121
province,low_carbon,Xinjiang,27,2024,23966.936503425743,25549.65854635973
province,low_carbon,Xinjiang,27,2025,24680.891579628522,25052.77655014724
province,low_carbon,Xinjiang,27,2026,25723.441730410323,25123.30684786012
province,low_carbon,Xinjiang,27,2027,26729.129232875584,25079.186283444917
province,low_carbon,Xinjiang,27,2028,27844.450687239823,25056.489654642843
province,low_carbon,Xinjiang,27,2029,29038.791156412008,25016.213762769028
province,low_carbon,Xinjiang,27,2030,30300.185665493158,24939.407987071696
province,low_carbon,Xinjiang,27,2031,31677.70719596226,24990.788024279856
province,low_carbon,Xinjiang,27,2032,33089.772527416084,24974.099749980625
province,low_carbon,Xinjiang,27,2033,34505.46363009054,24863.52354466191
province,low_carbon,Xinjiang,27,2034,35888.26772506182,24633.625442005723
province,low_carbon,Xinjiang,27,2035,37187.51030667843,24254.72537146381
province,low_carbon,Yunnan,28,2024,12918.297165379978,20730.7600160116
province,low_carbon,Yunnan,28,2025,12866.870605866383,19992.408361633046
province,low_carbon,Yunnan,28,2026,12861.482244066943,19490.180786474215
province,low_carbon,Yunnan,28,2027,12857.103074145236,18989.857585785237
province,low_carbon,Yunnan,28,2028,12890.092069351218,18543.62836178266
province,low_carbon,Yunnan,28,2029,12944.481963870658,18124.83120048162
province,low_carbon,Yunnan,28,2030,13018.1825690327,17728.15442881331
province,low_carbon,Yunnan,28,2031,13136.837565282496,17440.85300300195
province,low_carbon,Yunnan,28,2032,13277.754568448481,17174.23769893701
province,low_carbon,Yunnan,28,2033,13444.03691981783,16929.9344433672
province,low_carbon,Yunnan,28,2034,13637.6077064206,16707.699045856414
province,low_carbon,Yunnan,28,2035,13856.363614267651,16502.22922817884
province,low_carbon,Zhejiang,29,2024,25284.53876206116,23237.416672259533
province,low_carbon,Zhejiang,29,2025,25592.943176966015,22216.3793050852
province,low_carbon,Zhejiang,29,2026,25743.71647939903,21358.75334853286
province,low_carbon,Zhejiang,29,2027,26088.590581051616,20643.134862348365
province,low_carbon,Zhejiang,29,2028,26373.849651945668,19856.1489011269
province,low_carbon,Zhejiang,29,2029,26715.808490556592,19383.017002728055
province,low_carbon,Zhejiang,29,2030,27258.215800083486,19817.489516156827
province,low_carbon,Zhejiang,29,2031,27853.35085451533,20261.58931258173
province,low_carbon,Zhejiang,29,2032,28476.698614279132,20726.71168442021
province,low_carbon,Zhejiang,29,2033,29136.927225972602,21219.203981485814
province,low_carbon,Zhejiang,29,2034,29842.35995924249,21745.176468511396
province,low_carbon,Zhejiang,29,2035,30595.008972524483,22306.151767265404
