split,year,province_idx,true_log_energy,stirpat_log_energy_pred,residual_pred,hybrid_log_energy_pred,true_energy,stirpat_energy_pred,hybrid_energy_pred,stirpat_abs_pct_err,hybrid_abs_pct_err
train,1993,0,7.8210683,7.448615,0.22153638,7.670151,2492.567,1717.4829,2143.4055,0.31095815,0.14008105
train,1994,0,7.8882422,7.6268754,0.20173638,7.828612,2665.7542,2052.6265,2511.4407,0.23000158,0.057887364
train,1995,0,7.9545655,7.80552,0.1674739,7.972994,2848.5508,2454.1113,2901.5308,0.13847022,0.018598923
train,1996,0,8.020038,8.035161,0.11182068,8.146981,3041.2915,3087.6362,3452.9397,0.015238502,0.13535309
train,1997,0,8.14167,8.086896,0.03716527,8.124062,3434.65,3251.5789,3374.6997,0.053301223,0.01745453
train,1998,0,8.207701,8.085965,0.020299373,8.106264,3669.0964,3248.554,3315.1697,0.11461745,0.09646156
train,1999,0,8.225905,8.118451,0.045285527,8.163736,3736.503,3355.819,3511.2815,0.10188239,0.060275994
train,2000,0,8.280025,8.139844,0.060051937,8.199896,3944.2913,3428.3826,3640.5713,0.13079883,0.07700242
train,2001,0,8.332276,8.202572,0.07017737,8.272749,4155.867,3650.3264,3915.6982,0.12164507,0.05779033
train,2002,0,8.37041,8.265295,0.067943774,8.333239,4317.406,3886.6196,4159.8677,0.09977893,0.036489062
train,2003,0,8.432305,8.35696,0.059531737,8.416492,4593.076,4259.7266,4521.018,0.072576545,0.01568842
train,2004,0,8.437989,8.423114,0.039263003,8.462377,4619.2573,4551.0527,4733.294,0.014765272,0.02468722
train,2005,0,8.462447,8.4451275,0.0050189695,8.450147,4733.628,4652.349,4675.759,0.017170511,0.012225114
train,2006,0,8.583782,8.564428,-0.011952201,8.552476,5344.281,5241.843,5179.5635,0.019167779,0.030821227
train,2007,0,8.649233,8.712622,-0.02815733,8.684464,5705.7686,6079.159,5910.374,0.0654409,0.035859406
train,2008,0,8.689605,8.851274,-0.060147546,8.791126,5940.8335,6983.277,6575.6343,0.17547089,0.10685383
train,2009,0,8.75186,8.962235,-0.107239984,8.854996,6322.4346,7802.781,7009.318,0.2341418,0.10864221
train,2010,0,8.841321,9.103535,-0.15492772,8.948607,6914.1196,8987.003,7697.166,0.29980436,0.11325323
train,2011,0,8.940034,9.250624,-0.19375877,9.056865,7631.4556,10411.057,8577.217,0.36422947,0.12392934
train,2012,0,9.020668,9.302077,-0.2257675,9.07631,8272.302,10960.765,8745.636,0.32499576,0.05721914
train,2013,0,9.105029,9.359268,-0.23558569,9.123682,9000.443,11605.892,9169.903,0.28948,0.018827956
train,2014,0,9.144345,9.380237,-0.23215999,9.148077,9361.3545,11851.818,9396.354,0.2660367,0.0037386708
train,2015,0,9.176913,9.368159,-0.22025222,9.147907,9671.254,11709.542,9394.759,0.21075737,0.028589377
train,2016,0,9.199139,9.399288,-0.19554783,9.20374,9888.607,12079.779,9934.216,0.22158548,0.0046122167
train,2017,0,9.21305,9.422222,-0.18722989,9.234992,10027.133,12360.017,10249.58,0.23265712,0.022184534
train,2018,0,9.219603,9.445511,-0.18976502,9.255746,10093.053,12651.244,10464.521,0.25346062,0.0368044
train,2019,0,9.246667,9.478462,-0.19947363,9.278989,10369.944,13075.063,10710.597,0.2608615,0.032849967
train,2020,0,9.326101,9.502924,-0.20109855,9.301826,11227.274,13398.848,10958.005,0.19341946,0.023983518
train,1993,1,7.588419,7.4324985,0.10512332,7.537622,1975.1882,1690.0247,1877.3604,0.14437287,0.049528383
train,1994,1,7.674059,7.5273223,0.09897039,7.6262927,2151.7976,1858.1233,2051.4307,0.1364786,0.0466433
train,1995,1,7.755848,7.7238936,0.09172394,7.8156176,2335.1887,2261.749,2479.0173,0.03144915,0.06159186
train,1996,1,7.833785,7.7520533,0.053815518,7.8058686,2524.4666,2326.3442,2454.9673,0.07848086,0.027530279
train,1997,1,7.9634004,7.790013,0.054762736,7.8447757,2873.8286,2416.3486,2552.365,0.15918833,0.11185901
train,1998,1,7.993986,7.8270717,0.07969213,7.906764,2963.0845,2507.5757,2715.5889,0.15372792,0.08352634
train,1999,1,8.048153,7.8658133,0.09752073,7.963334,3128.0117,2606.6296,2873.638,0.16668163,0.08132124
train,2000,1,8.0890465,7.935347,0.112367935,8.047715,3258.5789,2794.3284,3126.643,0.14247023,0.040488753
train,2001,1,8.125274,8.106648,0.10255116,8.2092,3378.7927,3316.444,3674.6013,0.018452931,0.087548606
train,2002,1,8.162786,8.127468,0.05646329,8.183931,3507.9446,3386.215,3582.9128,0.034701087,0.021370994
train,2003,1,8.214355,8.251591,0.031819616,8.28341,3693.595,3833.7195,3957.6672,0.03793716,0.07149465
train,2004,1,8.28613,8.366472,0.0007038596,8.367176,3968.4465,4300.438,4303.4663,0.083657786,0.08442089
train,2005,1,8.363201,8.321411,-0.025503894,8.295907,4286.3945,4110.957,4007.4365,0.04092892,0.065079875
train,2006,1,8.433226,8.386435,-0.012873603,8.373561,4597.305,4387.1475,4331.0312,0.04571324,0.057919566
train,2007,1,8.49966,8.475697,-0.009918954,8.465777,4913.0957,4796.763,4749.418,0.02367805,0.033314582
train,2008,1,8.492889,8.499149,-0.020259386,8.478889,4879.946,4910.59,4812.103,0.006279587,0.013902362
train,2009,1,8.523807,8.5223875,-0.040344447,8.482043,5033.177,5026.039,4827.303,0.0014181293,0.0409033
train,2010,1,8.566742,8.628876,-0.052258246,8.576617,5253.9844,5590.789,5306.126,0.064104624,0.009924202
train,2011,1,8.551128,8.637474,-0.076091014,8.561383,5172.588,5639.068,5225.905,0.090183094,0.010307586
train,2012,1,8.582025,8.683001,-0.10029896,8.582702,5334.895,5901.728,5338.5093,0.10625008,0.00067747495
train,2013,1,8.524214,8.705381,-0.116745345,8.588636,5035.2266,6035.303,5370.286,0.19861601,0.066543095
train,2014,1,8.547202,8.716312,-0.14406334,8.572249,5152.319,6101.637,5283.0,0.1842507,0.02536356
train,2015,1,8.562389,8.737849,-0.1582573,8.579592,5231.1655,6234.4727,5321.9326,0.19179419,0.017351218
train,2016,1,8.549555,8.739488,-0.16952556,8.5699625,5164.455,6244.6953,5270.932,0.20916829,0.020617286
train,2017,1,8.5661125,8.741478,-0.18112509,8.560353,5250.678,6257.137,5220.525,0.19168171,0.005742748
train,2018,1,8.603462,8.766196,-0.18777463,8.578422,5450.498,6413.7295,5315.709,0.17672357,0.024729678
train,2019,1,8.613502,8.797848,-0.18685439,8.610993,5505.493,6619.981,5491.701,0.20243196,0.002505133
train,2020,1,8.5042515,8.766657,-0.19440253,8.572254,4935.7085,6416.6846,5283.0254,0.3000534,0.07036819
train,1993,2,7.1542625,6.922228,0.17621955,7.0984473,1279.5485,1014.57776,1210.0868,0.2070814,0.05428608
train,1994,2,7.263221,7.093151,0.16564137,7.2587924,1426.8447,1203.6947,1420.54,0.15639405,0.004418622
train,1995,2,7.3685384,7.288554,0.14463268,7.433187,1585.315,1463.4532,1691.1888,0.07686908,0.06678414
train,1996,2,7.4702144,7.4013896,0.10672682,7.5081162,1754.9829,1638.2595,1822.7767,0.0665097,0.038629334
train,1997,2,7.616933,7.5833597,0.08519141,7.668551,2032.3192,1965.2205,2139.9783,0.033015855,0.052973498
train,1998,2,7.8427057,7.6207104,0.06026647,7.680977,2547.0872,2040.0109,2166.7354,0.19908085,0.14932814
train,1999,2,7.927274,7.65806,0.10921014,7.76727,2771.861,2117.6455,2362.0144,0.23602033,0.14785975
train,2000,2,8.000235,7.690144,0.14982118,7.8399653,2981.6572,2186.6897,2540.117,0.26661935,0.14808553
train,2001,2,7.799734,7.7026315,0.18281952,7.885451,2439.9534,2214.167,2658.3232,0.09253717,0.08949756
train,2002,2,7.90009,7.809067,0.12389984,7.9329667,2697.5256,2462.8308,2787.6848,0.087003745,0.033422917
train,2003,2,7.8015313,7.853708,0.09040848,7.944116,2444.342,2575.2651,2818.9397,0.05356169,0.15325092
train,2004,2,7.800601,7.8918004,0.01554637,7.9073467,2442.0693,2675.256,2717.1714,0.09548736,0.11265121
train,2005,2,8.082896,8.021083,-0.039085265,7.9819975,3238.599,3044.4722,2927.7734,0.059941642,0.09597535
train,2006,2,8.152869,8.121355,-0.023524398,8.097831,3473.3306,3365.5781,3287.3296,0.0310228,0.053551186
train,2007,2,8.210875,8.242646,-0.02326134,8.219385,3680.7603,3799.5815,3712.219,0.032281723,0.008546805
train,2008,2,8.495658,8.493711,-0.04853682,8.445174,4893.475,4883.9595,4652.5664,0.0019445537,0.049230594
train,2009,2,8.563381,8.64179,-0.054662127,8.587129,5236.357,5663.461,5362.1953,0.081565104,0.024031665
train,2010,2,8.675987,8.764671,-0.09222506,8.672446,5860.4824,6403.9565,5839.7676,0.09273539,0.0035346653
train,2011,2,8.764097,8.925186,-0.12214021,8.803046,6400.281,7518.983,6654.4844,0.17478955,0.039717574
train,2012,2,8.807,8.954346,-0.16449991,8.789845,6680.8477,7741.461,6567.2173,0.1587543,0.017008377
train,2013,2,8.613977,8.920267,-0.17481017,8.745457,5508.1133,7482.087,6282.0815,0.35837564,0.14051422
train,2014,2,8.757954,8.923885,-0.2309174,8.692968,6361.081,7509.208,5960.85,0.18049243,0.0629187
train,2015,2,8.807924,8.959205,-0.20765176,8.751553,6687.0244,7779.168,6320.4937,0.1633228,0.054812238
train,2016,2,8.788855,8.975432,-0.19491382,8.780519,6560.713,7906.4355,6506.25,0.20511836,0.008301368
train,2017,2,8.813187,9.022211,-0.1925527,8.8296585,6722.307,8285.076,6833.9526,0.2324751,0.016608212
train,2018,2,8.734073,8.995604,-0.2024235,8.79318,6210.972,8067.5366,6589.1553,0.29891688,0.06088952
train,2019,2,8.708192,9.030099,-0.21694766,8.813151,6052.289,8350.686,6722.0693,0.37975657,0.11066561
train,2020,2,8.739556,9.069627,-0.24310252,8.826525,6245.1245,8687.381,6812.57,0.39106607,0.09086213
train,1993,3,6.658346,6.763105,-0.046983752,6.716121,779.2611,865.32477,825.6089,0.110442646,0.05947657
train,1994,3,6.828068,6.981312,-0.037971083,6.943341,923.4049,1076.3293,1036.2262,0.1656093,0.12217965
train,1995,3,6.9920545,7.1444855,-0.042476542,7.102009,1087.9545,1267.0992,1214.4042,0.16466202,0.11622702
train,1996,3,7.150307,7.3156066,-0.045315135,7.2702913,1274.4974,1503.5835,1436.969,0.1797462,0.12747893
train,1997,3,7.4790006,7.429755,-0.04756221,7.382193,1770.4706,1685.3949,1607.1105,0.048052583,0.09226932
train,1998,3,7.488721,7.5090446,0.016239269,7.525284,1787.7638,1824.4698,1854.3394,0.020531826,0.037239574
train,1999,3,7.729651,7.5106106,0.03997025,7.550581,2274.808,1827.3289,1901.8473,0.19671077,0.16395265
train,2000,3,7.630433,7.6319613,0.10249158,7.7344527,2059.942,2063.0925,2285.7573,0.0015294775,0.10962223
train,2001,3,7.641566,7.663102,0.07241547,7.7355175,2083.0027,2128.3499,2288.1924,0.021770095,0.09850669
train,2002,3,7.8069453,7.7678843,0.04876234,7.8166466,2457.6118,2363.4656,2481.5696,0.03830802,0.009748392
train,2003,3,7.9270945,7.911656,0.034464277,7.9461203,2771.3628,2728.9055,2824.595,0.015319999,0.019207943
train,2004,3,8.054815,8.028924,0.029777603,8.0587015,3148.9214,3068.438,3161.1829,0.025559038,0.003893865
train,2005,3,8.41002,8.226199,0.025223304,8.251423,4491.8496,3737.6006,3833.076,0.16791502,0.14665978
train,2006,3,8.497652,8.337291,0.07558992,8.412881,4903.2427,4176.7583,4504.719,0.14816406,0.08127753
train,2007,3,8.585866,8.451874,0.09454723,8.546421,5355.428,4683.841,5148.296,0.12540312,0.03867708
train,2008,3,8.657045,8.565791,0.08835163,8.654142,5750.519,5248.991,5733.85,0.08721436,0.0028986854
train,2009,3,8.757017,8.672352,0.060291808,8.732644,6355.1265,5839.216,6202.1055,0.08118023,0.024078356
train,2010,3,8.871385,8.775253,0.04990289,8.825156,7125.1396,6472.0825,6803.253,0.091655344,0.045176197
train,2011,3,8.9237385,8.898958,0.037702184,8.936661,7508.1055,7324.3394,7605.7573,0.024475697,0.013006191
train,2012,3,8.975023,8.961172,0.008757962,8.96993,7903.202,7794.488,7863.0483,0.013755735,0.0050807013
train,2013,3,8.950868,8.985232,-0.009474807,8.975758,7714.582,7984.3,7909.0083,0.034962073,0.025202436
train,2014,3,9.047933,9.014684,-0.04049571,8.974188,8500.945,8222.945,7896.6025,0.032702245,0.07109124
train,2015,3,9.051365,9.039115,-0.033773262,9.005342,8530.173,8426.316,8146.4824,0.012175187,0.04498038
train,2016,3,9.05863,9.047566,-0.031219412,9.016347,8592.371,8497.832,8236.634,0.011002675,0.041401528
train,2017,3,9.08934,9.101782,-0.029397804,9.072384,8860.338,8971.264,8711.365,0.012519362,0.01681343
train,2018,3,9.107262,9.196966,-0.038136195,9.15883,9020.56,9867.147,9497.936,0.093850926,0.05292088
train,2019,3,9.169075,9.284479,-0.06296589,9.221513,9595.744,10769.5625,10112.352,0.12232698,0.05383714
train,2020,3,9.169818,9.261758,-0.08944156,9.172317,9602.876,10527.623,9626.901,0.09629897,0.0025018954
train,1993,4,7.0585604,6.958325,0.027541945,6.985867,1162.77,1051.8701,1081.2435,0.09537561,0.070114024
train,1994,4,7.155388,7.0824475,0.02418345,7.106631,1280.9893,1190.8796,1220.03,0.07034378,0.04758762
train,1995,4,7.249321,7.2094345,0.016480507,7.225915,1407.1492,1352.1274,1374.5957,0.03910156,0.02313434
train,1996,4,7.3403587,7.353282,0.006662235,7.3599443,1541.2649,1561.3123,1571.749,0.013007085,0.019778645
train,1997,4,7.561852,7.403554,-0.007646104,7.395908,1923.4044,1641.809,1629.3033,0.14640471,0.15290652
train,1998,4,7.587862,7.4533415,0.055194516,7.508536,1974.0884,1725.6195,1823.5416,0.12586512,0.0762614
train,1999,4,7.6301336,7.503112,0.082810886,7.5859227,2059.3252,1813.6776,1970.2637,0.11928547,0.043247916
train,2000,4,7.679364,7.522401,0.09244966,7.6148505,2163.244,1849.0012,2028.0916,0.14526457,0.062476702
train,2001,4,7.6838346,7.5946217,0.099570945,7.6941924,2172.936,1987.4778,2195.56,0.08534916,0.01041173
train,2002,4,7.6526527,7.691825,0.08112547,7.77295,2106.2256,2190.3682,2375.469,0.03994946,0.12783217
train,2003,4,7.697558,7.79017,0.02904748,7.8192177,2202.9617,2416.7288,2487.9583,0.09703623,0.12936974
train,2004,4,7.9094844,7.929677,-0.020478552,7.9091983,2722.9863,2778.5295,2722.2073,0.020397903,0.00028610232
train,2005,4,8.043299,7.969214,-0.025734467,7.9434795,3112.8647,2890.5842,2817.1458,0.07140706,0.094998986
train,2006,4,8.122043,8.085429,0.02307288,8.108502,3367.8933,3246.8132,3322.5984,0.03595128,0.013449037
train,2007,4,8.161732,8.20749,0.025760366,8.233251,3504.2498,3668.3235,3764.0493,0.046821356,0.074138425
train,2008,4,8.222353,8.284825,-0.007790799,8.277035,3723.253,3963.2725,3932.516,0.06446501,0.056204397
train,2009,4,8.233748,8.284594,-0.029234378,8.25536,3765.9238,3962.354,3848.1956,0.05215989,0.02184636
train,2010,4,8.3318405,8.480855,-0.03581823,8.445037,4154.056,4821.571,4651.9272,0.16068985,0.1198518
train,2011,4,8.37465,8.596527,-0.07681674,8.519711,4335.7505,5412.8286,5012.6025,0.24841793,0.15610954
train,2012,4,8.50442,8.662152,-0.12151851,8.540634,4936.5415,5779.9614,5118.589,0.1708524,0.03687751
train,2013,4,8.549487,8.670742,-0.124885775,8.545856,5164.105,5829.8237,5145.39,0.1289127,0.0036240246
train,2014,4,8.592951,8.687653,-0.1137536,8.573899,5393.506,5929.2476,5291.7236,0.09933088,0.018871255
train,2015,4,8.573643,8.607237,-0.08732888,8.519908,5290.366,5471.1104,5013.593,0.034164768,0.052316498
train,2016,4,8.542068,8.599964,-0.044248883,8.555716,5125.9316,5431.465,5196.37,0.0596054,0.013741595
train,2017,4,8.548314,8.595646,-0.035781473,8.559864,5158.0513,5408.061,5217.9717,0.04846981,0.01161687
train,2018,4,8.563566,8.631622,-0.027019156,8.604603,5237.3257,5606.1655,5456.7183,0.07042523,0.041890193
train,2019,4,8.572871,8.6480875,-0.029400365,8.618687,5286.286,5699.237,5534.1133,0.078117356,0.046881147
train,2020,4,8.628094,8.666639,-0.027723359,8.638916,5586.419,5805.9546,5647.205,0.0392981,0.010881055
train,1993,5,7.931191,8.006661,-0.015435094,7.991226,2782.7393,3000.8816,2954.9177,0.078391224,0.061873734
train,1994,5,8.079817,8.121901,-0.027852958,8.094048,3228.6416,3367.4148,3274.9163,0.04298191,0.014332547
train,1995,5,8.223045,8.367942,-0.023759754,8.344182,3725.8313,4306.763,4205.641,0.15592007,0.12877926
train,1996,5,8.360877,8.444535,-0.06027692,8.384258,4276.4434,4649.594,4377.6104,0.087257296,0.023656806
train,1997,5,8.643405,8.533787,-0.048844203,8.484942,5672.6123,5083.66,4841.3193,0.103823796,0.146545
train,1998,5,8.697386,8.57146,0.021974819,8.593434,5987.2397,5278.8306,5396.1143,0.11831983,0.098730884
train,1999,5,8.735768,8.607552,0.06665311,8.674205,6221.512,5472.8325,5850.046,0.120337255,0.059706755
train,2000,5,8.777316,8.749635,0.08631863,8.835954,6485.4473,6308.3833,6877.1094,0.027301736,0.060390916
train,2001,5,8.845588,8.855294,0.045921456,8.901216,6943.6836,7011.4106,7340.891,0.009753764,0.05720415
train,2002,5,8.915339,8.936481,0.019605426,8.956087,7445.3096,7604.394,7754.9536,0.021367073,0.041589145
train,2003,5,9.124117,9.106468,-0.0012677894,9.105201,9173.892,9013.405,9001.988,0.01749381,0.01873832
train,2004,5,9.169356,9.219826,0.004388632,9.224215,9598.444,10095.305,10139.709,0.051764674,0.056390874
train,2005,5,9.367818,9.273416,-0.021548936,9.251866,11705.544,10651.07,10424.003,0.090083264,0.10948154
train,2006,5,9.485626,9.403083,0.028478982,9.431561,13169.07,12125.704,12475.991,0.07922854,0.05262931
train,2007,5,9.59201,9.51508,0.03717156,9.552252,14647.273,13562.726,14076.356,0.074044354,0.038977697
train,2008,5,9.658445,9.609331,0.039147105,9.6484785,15653.43,14903.197,15498.189,0.04792767,0.00991733
train,2009,5,9.740043,9.626217,0.022771087,9.648988,16984.266,15156.987,15506.084,0.10758654,0.087032415
train,2010,5,9.804082,9.753109,0.043371987,9.796481,18107.506,17207.643,17970.398,0.049695596,0.0075718556
train,2011,5,9.868956,9.859503,0.026392596,9.885896,19321.15,19139.371,19651.24,0.009408306,0.017084379
train,2012,5,9.887166,9.872573,0.0064949053,9.879067,19676.217,19391.166,19517.512,0.014487073,0.008065833
train,2013,5,9.842188,9.896173,-0.0070841187,9.889089,18810.826,19854.234,19714.086,0.055468496,0.04801808
train,2014,5,9.872197,9.928261,-0.035766676,9.892494,19383.88,20501.654,19781.338,0.057665102,0.020504512
train,2015,5,9.909506,9.944869,-0.04155393,9.903316,20120.729,20844.992,19996.56,0.035995897,0.006171147
train,2016,5,9.956438,9.967125,-0.039884854,9.92724,21087.55,21314.12,20480.742,0.010744176,0.028775679
train,2017,5,9.968529,10.018979,-0.02902057,9.989959,21344.06,22448.5,21806.4,0.05174458,0.021661287
train,2018,5,10.008099,10.049836,-0.039018597,10.010818,22205.574,23151.992,22266.031,0.042620737,0.002722606
train,2019,5,10.029,10.086432,-0.037599593,10.048833,22674.594,24014.965,23128.777,0.059113346,0.020030506
train,2020,5,10.046762,10.103155,-0.044214174,10.058941,23080.941,24419.936,23363.748,0.058012977,0.012252821
train,1993,6,6.837878,6.9695954,-0.06455716,6.9050384,932.5085,1063.7922,997.28674,0.14078559,0.06946667
train,1994,6,6.9739795,7.1610913,-0.06879823,7.0922933,1068.4662,1288.3162,1202.6627,0.20576222,0.12559736
train,1995,6,7.106089,7.329173,-0.084604554,7.2445683,1219.3693,1524.121,1400.4773,0.24992569,0.148526
train,1996,6,7.2342067,7.5270133,-0.10385816,7.4231553,1386.041,1857.5492,1674.3081,0.34018344,0.20797876
train,1997,6,7.5376763,7.5736966,-0.13189255,7.441804,1877.4622,1946.3219,1705.8247,0.036677033,0.09141993
train,1998,6,7.5625944,7.50348,-0.040253006,7.463227,1924.8328,1814.3453,1742.7626,0.057401054,0.094590135
train,1999,6,7.602542,7.526304,0.049548794,7.5758524,2003.2817,1856.2317,1950.5222,0.07340458,0.026336545
train,2000,6,7.667467,7.5580473,0.10056128,7.6586084,2137.6602,1916.1003,2118.8071,0.10364595,0.008819469
train,2001,6,7.728749,7.5756702,0.109768234,7.6854386,2272.7568,1950.1669,2176.4243,0.14193773,0.042385757
train,2002,6,7.7355285,7.5883007,0.13082142,7.719122,2288.2175,1974.9546,2250.9822,0.1369026,0.016272645
train,2003,6,7.89775,7.7231503,0.13311587,7.856266,2691.22,2260.068,2581.8618,0.16020684,0.04063516
train,2004,6,8.042896,7.89219,0.14408533,8.036275,3111.612,2676.2988,3091.0771,0.13989958,0.006599445
train,2005,6,8.117089,7.955462,0.13387415,8.089336,3351.2517,2851.1052,3259.524,0.1492417,0.0273712
train,2006,6,8.277277,8.133478,0.1368172,8.270295,3933.4688,3406.628,3906.102,0.13393797,0.006957396
train,2007,6,8.43173,8.30284,0.124274574,8.4271145,4590.436,4035.3171,4569.296,0.12092945,0.004605257
train,2008,6,8.484758,8.415967,0.10542824,8.521396,4840.4277,4518.643,5021.0566,0.06647856,0.037316725
train,2009,6,8.578311,8.537632,0.06949063,8.607122,5315.121,5103.2456,5470.4844,0.039862778,0.02923043
train,2010,6,8.681957,8.685441,0.044768374,8.730209,5895.574,5916.1484,6187.023,0.0034897735,0.049435172
train,2011,6,8.788556,8.8284,0.005242865,8.833643,6558.755,6825.355,6861.237,0.040647972,0.046118803
train,2012,6,8.864769,8.888521,-0.03275323,8.855768,7078.1577,7248.2925,7014.735,0.024036588,0.008960362
train,2013,6,8.846202,8.956275,-0.04594027,8.910335,6947.9497,7756.4106,7408.139,0.11635964,0.06623385
train,2014,6,8.907873,8.96627,-0.07674411,8.889526,7389.927,7834.3286,7255.582,0.060136165,0.018179439
train,2015,6,8.901085,8.968253,-0.07006282,8.8981905,7339.932,7849.877,7318.718,0.06947541,0.0028902658
train,2016,6,8.952632,9.017334,-0.06919693,8.948137,7728.2056,8244.768,7693.548,0.06684113,0.004484575
train,2017,6,9.004771,8.963892,-0.061258804,8.902633,8141.8384,7815.7173,7351.302,0.04005497,0.097095594
train,2018,6,8.958928,9.008708,-0.017046576,8.991661,7777.0176,8173.9536,8035.794,0.05103962,0.033274498
train,2019,6,8.996553,8.964239,-0.032555554,8.931684,8075.2046,7818.4307,7567.996,0.031797823,0.06281061
train,2020,6,9.095332,9.023815,-0.006720236,9.017095,8913.588,8298.377,8242.794,0.06901945,0.075255215
train,1993,7,7.466633,7.152452,0.22210528,7.3745575,1748.7085,1277.2339,1594.886,0.26961303,0.08796349
train,1994,7,7.55832,7.2803683,0.21814673,7.498515,1916.6229,1451.5226,1805.3596,0.24266659,0.058051746
train,1995,7,7.6471443,7.480576,0.20614095,7.686717,2094.6553,1773.262,2179.2085,0.15343495,0.040366177
train,1996,7,7.7331057,7.556228,0.15955336,7.7157817,2282.6807,1912.6178,2243.4758,0.16211767,0.017174909
train,1997,7,7.92812,7.6729345,0.13744651,7.810381,2774.2068,2149.3796,2466.0696,0.22522731,0.11107218
train,1998,7,7.9859385,7.748591,0.15161546,7.9002066,2939.3347,2318.3035,2697.8398,0.21128292,0.082159705
train,1999,7,7.9653134,7.776891,0.16059692,7.937488,2879.3315,2384.8494,2800.3176,0.17173506,0.027441757
train,2000,7,7.9617724,7.8316255,0.15088288,7.982508,2869.1538,2519.0205,2929.2688,0.12203365,0.020952167
train,2001,7,8.010362,7.8653955,0.11509884,7.9804945,3012.0063,2605.5408,2923.3762,0.13494845,0.029425612
train,2002,7,8.07495,7.947141,0.09648388,8.043625,3212.9673,2827.4802,3113.8801,0.11997852,0.030839765
train,2003,7,8.219917,8.120341,0.08472926,8.2050705,3714.195,3362.1682,3659.4587,0.094778776,0.014737063
train,2004,7,8.356899,8.270071,0.0695616,8.339633,4259.467,3905.2263,4186.553,0.08316545,0.017118005
train,2005,7,8.414156,8.347487,0.0575769,8.405065,4510.4673,4219.566,4469.6465,0.06449473,0.009050238
train,2006,7,8.500624,8.463811,0.044053923,8.507865,4917.8354,4740.088,4953.5757,0.036143456,0.007267473
train,2007,7,8.504578,8.514771,0.015404956,8.530176,4937.3184,4987.9062,5065.338,0.010246025,0.025928961
train,2008,7,8.461802,8.577611,-0.028270662,8.54934,4730.5723,5311.4014,5163.3467,0.12278199,0.09148458
train,2009,7,8.5329485,8.594615,-0.09039431,8.504221,5079.4004,5402.489,4935.558,0.06360758,0.028318753
train,2010,7,8.580424,8.704357,-0.10042363,8.603933,5326.3647,6029.1245,5453.0664,0.13193984,0.023787642
train,2011,7,8.684791,8.819816,-0.13579307,8.684023,5912.3022,6767.0166,5907.7646,0.1445654,0.0007674841
train,2012,7,8.830148,8.956719,-0.1587014,8.798018,6837.2974,7759.8584,6621.111,0.13493066,0.03161871
train,2013,7,8.801487,9.049447,-0.17304589,8.876401,6644.1157,8513.829,7160.9717,0.2814089,0.077791534
train,2014,7,8.832677,9.126044,-0.22825532,8.897789,6854.6113,9191.591,7315.7803,0.34093538,0.067278646
train,2015,7,8.861334,9.142464,-0.2707635,8.8717,7053.8853,9343.757,7127.389,0.32462558,0.010420343
train,2016,7,8.884601,9.224032,-0.28883144,8.935201,7219.9307,10137.862,7594.66,0.40414953,0.05190209
train,2017,7,8.903149,9.2970915,-0.30955276,8.987538,7355.0957,10906.252,8002.7324,0.48281577,0.088052794
train,2018,7,8.878847,9.279844,-0.33940002,8.940444,7178.51,10719.763,7634.586,0.4933131,0.063533545
train,2019,7,8.90269,9.311309,-0.35684374,8.954465,7351.7227,11062.419,7742.3843,0.50473833,0.053138785
train,2020,7,8.908598,9.322378,-0.36032185,8.962056,7395.2847,11185.552,7801.3823,0.51252484,0.05491305
train,1993,8,5.3905706,5.329628,0.059218038,5.388846,219.32852,206.36118,218.95056,0.059122935,0.0017232606
train,1994,8,5.513346,5.46438,0.03749351,5.5018735,247.97954,236.12935,245.15077,0.047786962,0.011407255
train,1995,8,5.632856,5.6225967,0.018722048,5.641319,279.45908,276.60672,281.83417,0.010206704,0.008498888
train,1996,8,5.7491,5.7425394,0.004772593,5.747312,313.90808,311.85532,313.34726,0.006539382,0.0017865788
train,1997,8,5.44404,5.84523,-0.0017265626,5.8435035,231.375,345.58206,344.98587,0.49360156,0.49102482
train,1998,8,7.2749395,5.894572,-0.06359559,5.830976,1443.664,363.0613,340.69104,0.748514,0.7640095
train,1999,8,5.822388,5.917808,0.109670796,6.0274787,337.77777,371.5963,414.6682,0.100120686,0.22763619
train,2000,8,5.894431,5.9961395,0.056566045,6.052706,363.01025,401.8744,425.26212,0.10706071,0.17148788
train,2001,8,5.9480133,6.0460405,0.05952802,6.1055684,382.99167,422.4371,448.3474,0.10299293,0.17064534
train,2002,8,6.2184243,6.210655,-0.0549,6.155755,501.91177,498.0275,471.42267,0.007738964,0.060745947
train,2003,8,6.488835,6.3733916,-0.04217897,6.3312125,657.75653,586.0421,561.8374,0.109028816,0.14582771
train,2004,8,6.7137146,6.470261,-0.015185643,6.4550753,823.6244,645.6523,635.9216,0.21608406,0.22789857
train,2005,8,6.434906,6.5754247,0.031528387,6.606953,623.224,717.2502,740.2242,0.1508706,0.18773375
train,2006,8,6.6014104,6.705756,-0.008181877,6.697574,736.1326,817.0957,810.4374,0.10998435,0.10093935
train,2007,8,6.722546,6.8485446,-0.04449716,6.8040476,830.9305,942.5082,901.4887,0.13428043,0.08491472
train,2008,8,6.887592,6.966332,-0.09243962,6.8738923,980.03845,1060.3263,966.7039,0.08192316,0.013606133
train,2009,8,6.934778,7.025022,-0.0862061,6.938816,1027.3914,1124.4193,1031.5482,0.094441086,0.004046034
train,2010,8,7.0515127,7.1307592,-0.08466165,7.0460978,1154.604,1249.8256,1148.3688,0.082471184,0.0054003187
train,2011,8,7.31362,7.301997,-0.08604694,7.21595,1500.5996,1483.2592,1360.966,0.011555684,0.09305192
train,2012,8,7.3270464,7.3940883,-0.08028067,7.3138075,1520.883,1626.3414,1500.881,0.06934023,0.01315162
train,2013,8,7.331518,7.4733286,-0.08496622,7.3883624,1527.6992,1760.4567,1617.0558,0.15235816,0.058490943
train,2014,8,7.3597913,7.4863596,-0.10264554,7.383714,1571.5084,1783.5474,1609.5568,0.13492702,0.024211349
train,2015,8,7.387446,7.5146317,-0.120674096,7.3939576,1615.5745,1834.6918,1626.129,0.1356281,0.006533011
train,2016,8,7.4082575,7.5247893,-0.1310684,7.393721,1649.5496,1853.4229,1625.7445,0.12359331,0.014431245
train,2017,8,7.42361,7.6062217,-0.13370298,7.472519,1675.0698,2010.6667,1759.0319,0.20034802,0.0501245
train,2018,8,7.470742,7.665084,-0.14623512,7.518849,1755.9094,2132.5715,1842.4453,0.21451113,0.049282663
train,2019,8,7.5333543,7.6748285,-0.15699063,7.517838,1869.3652,2153.4543,1840.5836,0.1519709,0.015396465
train,2020,8,7.4759336,7.666235,-0.16010253,7.5061326,1765.0487,2135.0278,1819.1644,0.20961411,0.03065962
train,1993,9,8.0132265,8.144294,-0.13538274,8.008911,3020.6475,3443.6726,3007.6404,0.14004453,0.004306057
train,1994,9,8.166972,8.3003435,-0.11996846,8.180375,3522.662,4025.2546,3570.1936,0.14267407,0.013493061
train,1995,9,8.315272,8.494293,-0.104703516,8.389589,4085.798,4886.8013,4401.01,0.19604571,0.077148125
train,1996,9,8.458125,8.640661,-0.108672984,8.531988,4713.213,5657.0693,5074.525,0.20025754,0.07665939
train,1997,9,8.840026,8.723951,-0.10437756,8.619574,6905.1714,6148.4253,5539.0244,0.10959121,0.19784403
train,1998,9,8.809809,8.785084,0.0076225973,8.7927065,6699.6377,6536.02,6586.033,0.024421869,0.016956812
train,1999,9,8.83056,8.843645,0.039541654,8.883186,6840.1143,6930.2075,7209.727,0.01317131,0.054036055
train,2000,9,8.88288,8.928512,0.039526552,8.968039,7207.52,7544.0283,7848.193,0.0466885,0.0888895
train,2001,9,8.932149,8.981783,0.006931802,8.988715,7571.519,7956.806,8012.156,0.05088637,0.058196608
train,2002,9,9.033345,9.06225,0.0022574528,9.0645075,8377.839,8623.532,8643.021,0.02932658,0.031652868
train,2003,9,9.174472,9.198056,0.0063151172,9.204371,9647.671,9877.909,9940.489,0.02386465,0.030351197
train,2004,9,9.294485,9.348234,0.0094565805,9.357691,10877.863,11478.537,11587.6,0.055219837,0.065245934
train,2005,9,9.556312,9.460856,-0.0053681904,9.455488,14133.619,12846.881,12778.103,0.09104096,0.095907256
train,2006,9,9.642371,9.54864,0.046718366,9.595359,15403.825,14025.611,14696.415,0.08947218,0.045924317
train,2007,9,9.712794,9.648686,0.0639192,9.712605,16527.72,15501.412,16524.602,0.062096197,0.00018872177
train,2008,9,9.782346,9.7771225,0.056892555,9.834015,17718.168,17625.861,18657.71,0.005209717,0.053027093
train,2009,9,9.817526,9.794543,0.028708091,9.823252,18352.588,17935.607,18457.973,0.022720527,0.005742229
train,2010,9,9.928001,9.900823,0.026973354,9.927796,20496.336,19946.773,20492.135,0.02681272,0.00020497185
train,2011,9,10.043609,10.026084,0.024647063,10.050731,23008.262,22608.562,23172.713,0.017371986,0.0071474835
train,2012,9,10.07113,10.059586,0.021768522,10.081354,23650.27,23378.814,23893.318,0.011477885,0.010276789
train,2013,9,10.139296,10.098144,0.019882943,10.118027,25318.625,24297.86,24785.812,0.040316787,0.02104429
train,2014,9,10.123944,10.096951,0.04059967,10.13755,24932.918,24268.887,25274.479,0.026632713,0.01369918
train,2015,9,10.124431,10.059635,0.042601034,10.102236,24945.049,23379.975,24397.496,0.06274088,0.021950357
train,2016,9,10.135399,10.091329,0.07179468,10.163123,25220.158,24132.834,25929.15,0.0431133,0.028112123
train,2017,9,10.120408,10.092911,0.07747628,10.170387,24844.906,24171.045,26118.19,0.027122715,0.051249266
train,2018,9,10.269213,10.123619,0.07796915,10.201589,28831.18,24924.812,26945.957,0.13549106,0.06538833
train,2019,9,10.2371,10.0414295,0.14151452,10.182944,27920.031,22958.18,26448.223,0.17771655,0.05271515
train,2020,9,10.255768,10.048671,0.19265231,10.241323,28446.14,23125.03,28038.209,0.18705916,0.014340492
train,1993,10,7.829143,7.8502946,-0.044022683,7.806272,2512.7751,2566.4902,2455.9575,0.021376798,0.022611504
train,1994,10,7.902853,8.004082,-0.059336144,7.9447455,2704.9888,2993.1501,2820.7146,0.1065296,0.04278237
train,1995,10,7.974631,8.06214,-0.08927265,7.972868,2906.2844,3172.0725,2901.1658,0.09145288,0.0017612359
train,1996,10,8.044477,8.132163,-0.09310764,8.039056,3116.5361,3402.1504,3099.685,0.09164478,0.0054069883
train,1997,10,8.287186,8.282069,-0.081200525,8.200869,3972.6382,3952.3645,3644.1143,0.0051033297,0.08269666
train,1998,10,8.250005,8.26954,-0.02831294,8.241227,3827.644,3903.1523,3794.1938,0.019727096,0.008739108
train,1999,10,8.371382,8.247937,-0.01810077,8.229836,4321.603,3819.738,3751.2205,0.11612936,0.13198403
train,2000,10,8.298725,8.318498,0.024794396,8.343292,4018.746,4098.9976,4201.9004,0.019969279,0.045574985
train,2001,10,8.2612295,8.30478,-0.012834793,8.291945,3870.8506,4043.1528,3991.5918,0.04451276,0.031192424
train,2002,10,8.289209,8.312963,-0.027518723,8.285444,3980.6855,4076.3713,3965.726,0.024037516,0.0037580142
train,2003,10,8.325159,8.424159,-0.03315557,8.391004,4126.3936,4555.812,4407.239,0.10406629,0.068060696
train,2004,10,8.387878,8.535803,-0.054307155,8.481496,4393.487,5093.9194,4824.662,0.15942523,0.09813966
train,2005,10,8.452746,8.589321,-0.08805391,8.501267,4687.93,5373.964,4921.0024,0.14634043,0.04971752
train,2006,10,8.6068325,8.699596,-0.08307514,8.616521,5468.8984,6000.4897,5522.1406,0.09720263,0.00973545
train,2007,10,8.676621,8.743351,-0.0658858,8.677465,5864.2,6268.867,5869.152,0.06900634,0.000844388
train,2008,10,8.661082,8.865451,-0.046496104,8.818954,5773.7803,7082.9863,6761.1914,0.22675024,0.17101641
train,2009,10,8.75711,8.791301,-0.081864126,8.709436,6355.7144,6576.7812,6059.826,0.034782384,0.04655467
train,2010,10,8.811553,8.920328,-0.03129648,8.889031,6711.3335,7482.544,7251.9917,0.11491165,0.080558985
train,2011,10,8.928365,9.063625,-0.045250203,9.018375,7542.921,8635.4,8253.357,0.14483507,0.09418587
train,2012,10,9.059625,9.073417,-0.049973994,9.023442,8600.922,8720.368,8295.283,0.013887615,0.03553557
train,2013,10,9.085421,9.08286,-0.0004989882,9.082361,8825.677,8803.107,8798.717,0.0025572358,0.0030547187
train,2014,10,9.093326,9.048235,0.0344532,9.082688,8895.721,8503.516,8801.596,0.044089187,0.01058093
train,2015,10,9.112367,8.980571,0.07189866,9.052469,9066.728,7947.167,8539.599,0.12348011,0.05813883
train,2016,10,9.131898,8.964342,0.12061974,9.084962,9245.553,7819.2363,8821.63,0.15427054,0.045851544
train,2017,10,9.154444,8.925527,0.1572554,9.082782,9456.369,7521.543,8802.419,0.20460561,0.06915447
train,2018,10,8.987017,8.878577,0.19054551,9.069122,7998.559,7176.573,8683.0,0.10276674,0.08557053
train,2019,10,9.071792,8.858048,0.16723646,9.025285,8706.208,7030.749,8310.581,0.19244418,0.045441937
train,2020,10,9.063712,8.79475,0.19671427,8.991465,8636.149,6599.507,8034.2153,0.23582762,0.06969936
train,1993,11,7.588706,7.6841702,-0.10174049,7.58243,1975.7552,2173.6655,1963.394,0.10016943,0.0062564462
train,1994,11,7.754069,7.8720317,-0.08733145,7.7847004,2331.0376,2622.8892,2403.546,0.12520243,0.031105591
train,1995,11,7.9127874,8.049603,-0.08186474,7.9677386,2731.9954,3132.5522,2886.323,0.14661697,0.056488983
train,1996,11,8.064862,8.237545,-0.07841718,8.159128,3180.7183,3780.2483,3495.138,0.18848889,0.098851785
train,1997,11,8.454308,8.321394,-0.08534673,8.236047,4695.2544,4110.886,3774.589,0.12445932,0.19608422
train,1998,11,8.474657,8.346157,0.039220165,8.385377,4791.779,4213.9556,4382.5103,0.12058637,0.08541057
train,1999,11,8.487762,8.370883,0.09546202,8.466345,4854.9907,4319.448,4752.1143,0.11030762,0.021189837
train,2000,11,8.447798,8.447645,0.11960628,8.567251,4664.7886,4664.0767,5256.6606,0.00015261443,0.1268808
train,2001,11,8.569542,8.514334,0.059609327,8.573943,5268.716,4985.7236,5291.955,0.053711794,0.004410801
train,2002,11,8.605324,8.580539,0.060958687,8.641498,5460.654,5326.9746,5661.803,0.024480438,0.03683614
train,2003,11,8.689559,8.699728,0.045577656,8.745306,5940.5615,6001.2793,6281.1353,0.010220882,0.057330225
train,2004,11,8.942871,8.887552,0.025890024,8.913443,7653.138,7241.273,7431.2,0.053816516,0.028999606
train,2005,11,9.187804,9.074446,0.04265733,9.117103,9777.159,8729.346,9109.77,0.107169524,0.06826008
train,2006,11,9.3373375,9.214039,0.07704049,9.2910795,11354.138,10037.054,10840.881,0.116000354,0.045204386
train,2007,11,9.432372,9.3433275,0.08835407,9.431682,12486.109,11422.354,12477.492,0.08519514,0.0006901419
train,2008,11,9.456234,9.443514,0.06816052,9.511674,12787.634,12626.005,13516.602,0.0126394695,0.05700568
train,2009,11,9.514284,9.495238,0.020745577,9.515984,13551.929,13296.264,13574.979,0.018865583,0.0017008506
train,2010,11,9.603581,9.600818,0.010861831,9.611679,14817.755,14776.858,14938.23,0.002759965,0.008130489
train,2011,11,9.677686,9.677903,0.00031777984,9.678221,15957.523,15960.995,15966.063,0.00021755755,0.0005351732
train,2012,11,9.65301,9.652524,-0.010589587,9.641934,15568.585,15561.014,15397.101,0.00048631837,0.01101477
train,2013,11,9.609368,9.650849,-0.01964015,9.631209,14903.753,15534.978,15232.847,0.0423534,0.022081267
train,2014,11,9.667852,9.660428,-0.035991717,9.624436,15801.378,15684.496,15130.023,0.0073969397,0.042487085
train,2015,11,9.664919,9.627243,0.0003706091,9.627614,15755.093,15172.548,15178.179,0.036975022,0.036617626
train,2016,11,9.689122,9.653125,0.022484686,9.67561,16141.069,15570.367,15924.429,0.035357147,0.013421702
train,2017,11,9.678075,9.6700945,0.036467645,9.706562,15963.734,15836.845,16425.037,0.007948619,0.028896919
train,2018,11,9.6422615,9.664743,0.027768305,9.692512,15402.136,15752.327,16195.87,0.02273655,0.051534045
train,2019,11,9.633788,9.661427,0.01303608,9.674462,15272.18,15700.166,15906.169,0.02802392,0.04151269
train,2020,11,9.667886,9.665962,0.015865497,9.681828,15801.904,15771.537,16023.755,0.0019217422,0.014039484
train,1993,12,7.846798,7.7966127,0.036610667,7.8332233,2557.5317,2432.3489,2523.049,0.04894675,0.013482791
train,1994,12,7.9664555,7.971083,0.044589687,8.015673,2882.6218,2895.9924,3028.0457,0.0046383487,0.05044846
train,1995,12,8.081694,8.116395,0.030888414,8.147284,3234.707,3348.9258,3453.9836,0.035310384,0.067788705
train,1996,12,8.1925125,8.287121,0.011031913,8.298153,3613.7905,3972.3806,4016.4465,0.09922824,0.11142207
train,1997,12,8.496447,8.390489,-0.018423552,8.372066,4897.336,4404.9697,4324.559,0.10053756,0.11695682
train,1998,12,8.498967,8.44666,0.033975717,8.480636,4909.6953,4659.484,4820.513,0.05096272,0.018164493
train,1999,12,8.544888,8.499425,0.05189937,8.551324,5140.407,4911.9434,5173.5996,0.044444703,0.0064571504
train,2000,12,8.549844,8.5799885,0.060334954,8.640324,5165.9473,5324.0444,5655.1597,0.030603712,0.09469946
train,2001,12,8.511411,8.508102,0.02313487,8.531238,4971.1714,4954.7524,5070.718,0.0033028324,0.020024734
train,2002,12,8.680309,8.558569,0.020870175,8.579439,5885.866,5211.2183,5321.12,0.11462169,0.09594953
train,2003,12,8.688854,8.623689,0.059390057,8.683079,5936.376,5561.8647,5902.1895,0.063087516,0.0057588206
train,2004,12,8.755291,8.724821,0.062472653,8.787293,6344.1665,6153.775,6550.479,0.030010499,0.032520033
train,2005,12,8.895272,8.746842,0.04443497,8.791277,7297.3916,6290.793,6576.6245,0.13793951,0.09877051
train,2006,12,9.00282,8.846748,0.069319345,8.916068,8125.967,6951.7476,7450.736,0.1445021,0.08309546
train,2007,12,9.10759,8.93512,0.08083696,9.015957,9023.52,7594.0454,8233.421,0.15841646,0.087559916
train,2008,12,9.206054,9.029389,0.093038045,9.122427,9957.226,8344.762,9158.401,0.16193907,0.08022558
train,2009,12,9.292323,9.155668,0.09038102,9.246049,10854.371,9467.956,10363.538,0.12772873,0.045219846
train,2010,12,9.397172,9.390398,0.074394464,9.464792,12054.242,11972.862,12897.544,0.0067511406,0.06995892
train,2011,12,9.528158,9.5518,0.02257636,9.574376,13741.258,14069.994,14391.256,0.023923308,0.04730266
train,2012,12,9.584805,9.612205,-0.02317427,9.58903,14542.121,14946.084,14603.701,0.027778815,0.004234601
train,2013,12,9.407596,9.571947,-0.04911749,9.52283,12180.549,14356.342,13668.238,0.17862849,0.12213649
train,2014,12,9.458742,9.528953,-0.112891264,9.416061,12819.749,13752.179,12284.105,0.07273385,0.04178269
train,2015,12,9.448185,9.545771,-0.09695788,9.4488125,12685.12,13985.42,12693.083,0.102505915,0.00062773476
train,2016,12,9.44517,9.590388,-0.09717548,9.493213,12646.9375,14623.546,13269.357,0.15629147,0.04921507
train,2017,12,9.47772,9.62469,-0.10627123,9.518419,13065.367,15133.862,13608.083,0.15831894,0.041538507
train,2018,12,9.453608,9.632045,-0.11583449,9.516211,12754.093,15245.579,13578.06,0.19534798,0.06460411
train,2019,12,9.488246,9.683466,-0.1363107,9.547155,13203.616,16050.03,14004.8,0.21557838,0.060679104
train,2020,12,9.424476,9.601924,-0.14012441,9.4618,12387.902,14793.215,12859.005,0.19416624,0.038029242
train,1993,13,7.227115,7.4981127,-0.22387053,7.274242,1376.2466,1804.6333,1442.6572,0.3112718,0.048254903
train,1994,13,7.3865395,7.6610093,-0.18902953,7.4719796,1614.1108,2123.9001,1758.0835,0.3158329,0.089196265
train,1995,13,7.5400267,7.8301015,-0.16816097,7.6619406,1881.8801,2515.1846,2125.879,0.33652753,0.12965693
train,1996,13,7.6875763,7.972689,-0.16262591,7.8100634,2181.0818,2900.6467,2465.2866,0.32991195,0.13030453
train,1997,13,8.21603,8.023854,-0.1553036,7.868551,3699.7856,3052.9214,2613.775,0.1748383,0.2935334
train,1998,13,8.2422085,8.091648,0.02411752,8.115766,3797.9187,3267.0674,3346.8186,0.13977428,0.118775606
train,1999,13,8.004028,7.9892874,0.12229537,8.111583,2992.9902,2949.1946,3332.849,0.014632742,0.11355162
train,2000,13,7.958171,7.999267,0.12905861,8.128325,2858.839,2978.774,3389.1194,0.04195228,0.18548797
train,2001,13,8.094599,8.059406,0.07288154,8.132288,3276.7217,3163.4114,3402.5757,0.034580387,0.03840851
train,2002,13,8.191768,8.127715,0.07967562,8.207391,3611.0999,3387.0515,3667.9592,0.06204435,0.015745722
train,2003,13,8.2425585,8.209882,0.09522648,8.305108,3799.2483,3677.1077,4044.4792,0.03214863,0.06454723
train,2004,13,8.415602,8.321551,0.09902083,8.420572,4516.9927,4111.533,4539.5005,0.08976315,0.00498292
train,2005,13,8.8838825,8.543651,0.102698125,8.646349,7214.7476,5134.0527,5689.3374,0.2883947,0.21142946
train,2006,13,8.952343,8.663735,0.19355556,8.857291,7725.9727,5789.1187,7025.427,0.25069386,0.09067414
train,2007,13,9.021206,8.796716,0.21743791,9.0141535,8276.752,6612.4907,8218.586,0.20107661,0.0070276377
train,2008,13,9.099575,8.898756,0.2006966,9.099453,8951.488,7322.8584,8950.3955,0.18193957,0.0001220773
train,2009,13,9.161985,8.942003,0.16287531,9.104878,9527.955,7646.4995,8999.087,0.19746688,0.055506997
train,2010,13,9.231476,9.060999,0.1554896,9.216489,10213.604,8612.75,10061.675,0.15673739,0.014875133
train,2011,13,9.3262825,9.2049055,0.12480848,9.329714,11229.309,9945.799,11267.906,0.11429998,0.0034372245
train,2012,13,9.367712,9.2469015,0.089034155,9.335936,11704.305,10372.377,11338.231,0.11379811,0.031276803
train,2013,13,9.299688,9.276747,0.067947544,9.344694,10934.611,10686.609,11437.975,0.022680454,0.046033945
train,2014,13,9.33578,9.296553,0.021362437,9.317915,11336.469,10900.378,11135.739,0.03846796,0.017706526
train,2015,13,9.339078,9.350895,0.010986039,9.361881,11373.916,11509.119,11636.258,0.011887122,0.023065213
train,2016,13,9.388914,9.376944,-0.0072618467,9.369681,11955.11,11812.854,11727.377,0.011899249,0.019049043
train,2017,13,9.422377,9.447533,-0.0025767763,9.444956,12361.927,12676.849,12644.224,0.025475144,0.022835992
train,2018,13,9.362195,9.399329,-0.015512159,9.383817,11639.909,12080.273,11894.325,0.037832275,0.021857217
train,2019,13,9.389543,9.404848,-0.028785441,9.376062,11962.626,12147.128,11802.45,0.015423198,0.013389684
train,2020,13,9.401455,9.430925,-0.023146387,9.407779,12105.98,12468.059,12182.779,0.02990903,0.006343875
train,1993,14,6.8035927,7.123583,-0.25825915,6.8653235,901.0788,1240.8883,958.4559,0.3771141,0.06367598
train,1994,14,6.992617,7.269811,-0.21739992,7.052411,1088.5667,1436.2792,1155.6417,0.31942236,0.06161779
train,1995,14,7.175683,7.3961368,-0.18000227,7.2161345,1307.2527,1629.6764,1361.2172,0.24664222,0.041280832
train,1996,14,7.3527904,7.552476,-0.13643031,7.4160457,1560.5449,1905.4548,1662.4465,0.2210189,0.065298736
train,1997,14,7.8711767,7.6292157,-0.09825877,7.5309567,2620.6475,2057.4358,1864.8889,0.21491317,0.2883862
train,1998,14,7.7638817,7.673112,0.07631094,7.749423,2354.0244,2149.761,2320.2334,0.08677201,0.014354574
train,1999,14,7.804725,7.7245126,0.109729186,7.834242,2452.1616,2263.1494,2525.6199,0.07707983,0.029956529
train,2000,14,7.8572464,7.781402,0.11866488,7.900067,2584.394,2395.6313,2697.463,0.07303944,0.04375062
train,2001,14,7.9255767,7.9034305,0.09657238,8.000003,2767.16,2706.5513,2980.9666,0.021902833,0.07726573
train,2002,14,8.01901,8.000304,0.073103994,8.073408,3038.1667,2981.865,3208.0166,0.01853149,0.055905376
train,2003,14,8.189194,8.18186,0.060224015,8.242084,3601.8174,3575.4988,3797.444,0.0073070345,0.05431333
train,2004,14,8.626012,8.421478,0.047992773,8.469471,5574.8003,4543.615,4766.993,0.18497255,0.14490333
train,2005,14,8.715111,8.507438,0.105375804,8.612814,6094.309,4951.4595,5501.7085,0.18752734,0.097238354
train,2006,14,8.816204,8.685722,0.13227873,8.818001,6742.6216,5917.814,6754.747,0.12232744,0.0017983344
train,2007,14,8.926166,8.866656,0.106526144,8.973183,7526.3506,7091.5293,7888.669,0.05777319,0.04813998
train,2008,14,9.10259,9.111329,0.055289667,9.166618,8978.514,9057.324,9572.2,0.008777683,0.06612303
train,2009,14,9.269826,9.17243,0.004272777,9.1767025,10612.904,9627.992,9669.216,0.09280326,0.08891897
train,2010,14,9.332201,9.284514,0.04207289,9.326588,11295.967,10769.942,11232.736,0.046567455,0.0055976147
train,2011,14,9.481941,9.495567,0.0361359,9.531703,13120.632,13300.639,13790.056,0.013719372,0.0510207
train,2012,14,9.463124,9.531089,0.02634481,9.557434,12876.05,13781.588,14149.492,0.07032732,0.09890008
train,2013,14,9.482567,9.537395,-0.0028926306,9.534502,13128.842,13868.766,13828.708,0.05635865,0.053307537
train,2014,14,9.482408,9.519564,0.0018078773,9.521372,13126.751,13623.665,13648.321,0.03785507,0.03973339
train,2015,14,9.521899,9.520692,0.026322113,9.547014,13655.521,13639.045,14002.823,0.0012065861,0.025433064
train,2016,14,9.546385,9.490253,0.07837373,9.568627,13994.012,13230.147,14308.762,0.05458508,0.022491764
train,2017,14,9.541827,9.343745,0.13527352,9.479019,13930.377,11427.126,13082.349,0.17969729,0.060876194
train,2018,14,9.698869,9.425488,0.23978688,9.665276,16299.159,12400.454,15760.712,0.2391967,0.03303528
train,2019,14,9.787612,9.458621,0.30909607,9.767717,17811.72,12818.195,17460.865,0.28035054,0.01969801
train,2020,14,9.859356,9.472318,0.35149792,9.823815,19136.56,12994.97,18468.38,0.32093492,0.034916393
train,1993,15,7.852817,7.9981027,-0.10659697,7.8915057,2572.9724,2975.3074,2674.468,0.15636972,0.03944683
train,1994,15,7.9985766,8.162663,-0.10580539,8.056858,2976.7178,3507.5164,3155.3608,0.17831673,0.060013436
train,1995,15,8.139699,8.334443,-0.10982265,8.224621,3427.886,4164.8813,3731.7058,0.21499996,0.08863183
train,1996,15,8.276184,8.423444,-0.12024872,8.303195,3929.1726,4552.554,4036.749,0.15865467,0.027378898
train,1997,15,8.667747,8.503162,-0.10979849,8.393364,5812.386,4930.336,4417.6533,0.15175356,0.23995875
train,1998,15,8.681394,8.544915,0.00365244,8.548568,5892.2524,5140.5493,5159.36,0.12757483,0.124382414
train,1999,15,8.661534,8.588677,0.06045123,8.649129,5776.3906,5370.5063,5705.175,0.07026607,0.012328775
train,2000,15,8.70132,8.6268,0.06698123,8.693781,6010.8394,5579.194,5965.695,0.071811184,0.0075105205
train,2001,15,8.630971,8.643276,0.045847766,8.689124,5602.515,5671.8823,5937.979,0.012381437,0.05987737
train,2002,15,8.77705,8.744691,0.0060050464,8.750696,6483.722,6277.273,6315.083,0.03184116,0.026009621
train,2003,15,8.880276,8.895603,0.00493875,8.900542,7188.773,7299.8066,7335.95,0.01544543,0.020473208
train,2004,15,9.121111,9.1071615,-0.014298642,9.092863,9146.356,9019.656,8891.606,0.013852532,0.02785262
train,2005,15,9.338865,9.297997,-0.008386774,9.289611,11371.498,10916.138,10824.972,0.040044006,0.04806107
train,2006,15,9.435123,9.395922,0.0017995308,9.397721,12520.511,12039.18,12060.866,0.038443405,0.036711324
train,2007,15,9.538429,9.487393,0.0044085984,9.491802,13883.124,13192.363,13250.653,0.049755424,0.0455568
train,2008,15,9.617801,9.578782,0.008262431,9.587045,15029.959,14454.805,14574.733,0.03826719,0.030287879
train,2009,15,9.688713,9.620078,0.0048747533,9.624953,16134.467,15064.227,15137.846,0.06633254,0.061769694
train,2010,15,9.784596,9.729795,0.01517945,9.744975,17758.09,16811.113,17068.246,0.053326488,0.03884673
train,2011,15,9.847663,9.837274,0.016611833,9.853886,18914.1,18718.611,19032.164,0.010335585,0.0062421397
train,2012,15,9.884322,9.863645,0.009266486,9.872911,19620.342,19218.809,19397.732,0.020465149,0.011345846
train,2013,15,9.935175,9.911465,0.006257609,9.917723,20643.896,20160.182,20286.738,0.023431374,0.017300911
train,2014,15,9.975702,9.931097,0.0065360046,9.937633,21497.723,20559.883,20694.693,0.04362508,0.037354156
train,2015,15,9.997338,9.951487,0.018397547,9.969884,21967.914,20983.393,21373.004,0.044816338,0.027080867
train,2016,15,10.02642,9.99211,0.024482377,10.016593,22616.154,21853.365,22394.998,0.03372762,0.009778685
train,2017,15,10.044702,10.045018,0.024468506,10.069487,23033.424,23040.715,23611.438,0.00031654068,0.025094561
train,2018,15,10.074913,10.061662,0.01014765,10.07181,23739.912,23427.402,23666.355,0.013163897,0.0030984378
train,2019,15,10.125,10.11815,0.010899352,10.129049,24959.254,24788.863,25060.53,0.0068267514,0.004057629
train,2020,15,10.1189785,10.096507,0.016869793,10.113377,24809.416,24258.129,24670.824,0.022220882,0.005586258
train,1993,16,6.754016,6.705036,0.0075179874,6.712554,857.4955,816.50757,822.669,0.04779957,0.04061418
train,1994,16,6.8740244,6.863828,0.0044892705,6.8683176,966.83167,957.0237,961.32983,0.010144458,0.005690578
train,1995,16,6.991116,7.009879,-0.0029612766,7.006918,1086.934,1107.5206,1104.2458,0.01894013,0.015927268
train,1996,16,7.1052904,7.2157993,-0.011824923,7.2039742,1218.3959,1360.761,1344.7646,0.11684635,0.103717335
train,1997,16,7.467068,7.3029947,-0.033082932,7.269912,1749.4701,1484.7397,1436.4237,0.15132031,0.17893784
train,1998,16,7.448328,7.340015,0.067046866,7.4070616,1716.99,1540.7351,1647.5778,0.102653414,0.040426694
train,1999,16,7.433209,7.340569,0.104280464,7.4448495,1691.226,1541.5891,1711.0277,0.08847833,0.011708523
train,2000,16,7.412792,7.291266,0.11961675,7.410883,1657.0466,1467.4272,1653.886,0.114432134,0.0019073962
train,2001,16,7.4861836,7.3721085,0.11276285,7.4848714,1783.2335,1590.9849,1780.8951,0.10780902,0.001311314
train,2002,16,7.5991344,7.456182,0.10396189,7.560144,1996.4672,1730.5283,1920.122,0.13320471,0.038240157
train,2003,16,7.7373424,7.6216826,0.09546714,7.7171497,2292.372,2041.9954,2246.547,0.109221675,0.019990189
train,2004,16,7.800054,7.8132544,0.07948598,7.8927402,2440.734,2473.166,2677.7717,0.013287859,0.09711745
train,2005,16,7.9129567,7.9070463,0.035617575,7.9426637,2732.4578,2716.3555,2814.8484,0.005892971,0.03015257
train,2006,16,8.068905,8.077566,0.011694787,8.089261,3193.6025,3221.3833,3259.278,0.008698879,0.020564718
train,2007,16,8.187175,8.237566,-0.006522913,8.231043,3594.5525,3780.3276,3755.7483,0.051682413,0.04484447
train,2008,16,8.260647,8.363084,-0.024370272,8.338714,3868.5955,4285.891,4182.7056,0.10786748,0.08119487
train,2009,16,8.336447,8.409485,-0.055378933,8.354106,4173.2354,4489.4473,4247.5854,0.07577141,0.017815936
train,2010,16,8.436794,8.549422,-0.058903467,8.490519,4613.741,5163.7705,4868.39,0.119215466,0.05519359
train,2011,16,8.491913,8.693203,-0.08861677,8.604587,4875.183,5962.2485,5456.6294,0.22297941,0.119266555
train,2012,16,8.568461,8.719162,-0.13162504,8.587537,5263.026,6119.0493,5364.384,0.16264853,0.019258486
train,2013,16,8.703334,8.785431,-0.14013337,8.645298,6022.9585,6538.2896,5683.361,0.08556112,0.056383863
train,2014,16,8.759097,8.827304,-0.12160037,8.705704,6368.359,6817.8804,6037.2485,0.0705867,0.051993042
train,2015,16,8.820554,8.849035,-0.09783476,8.751201,6772.0137,6967.664,6318.2695,0.028891021,0.06700284
train,2016,16,8.835151,8.862399,-0.06951791,8.792881,6871.5894,7061.404,6587.1826,0.027623078,0.041388787
train,2017,16,8.873739,8.920233,-0.057010274,8.863222,7141.9365,7481.8306,7067.2173,0.0475913,0.010462042
train,2018,16,8.887742,8.926024,-0.059576523,8.866447,7242.6475,7525.2886,7090.0483,0.039024558,0.021069523
train,2019,16,8.915085,8.952782,-0.062821284,8.88996,7443.4136,7729.363,7258.7314,0.038416408,0.024811482
train,2020,16,8.910648,8.953825,-0.058030803,8.895794,7410.4634,7737.4307,7301.199,0.04412238,0.014744579
train,1993,17,7.1446576,7.207098,-0.060082305,7.1470156,1267.3173,1348.9719,1270.3091,0.064431116,0.0023607516
train,1994,17,7.2960615,7.3673644,-0.04449163,7.3228726,1474.4813,1583.4548,1514.5485,0.07390633,0.027173717
train,1995,17,7.4402776,7.4916472,-0.035683732,7.4559636,1703.2228,1793.0032,1730.1504,0.052712068,0.0158098
train,1996,17,7.577306,7.6804423,-0.020773025,7.6596694,1953.359,2165.5776,2121.0562,0.10864292,0.08585065
train,1997,17,8.078291,7.775462,-0.030157695,7.7453046,3223.719,2381.4436,2310.697,0.26127446,0.28322008
train,1998,17,7.950593,7.668676,0.12239338,7.7910695,2837.257,2140.2458,2418.9033,0.24566376,0.14745007
train,1999,17,7.8853955,7.7341895,0.17462593,7.9088154,2658.176,2285.156,2721.165,0.14032932,0.02369633
train,2000,17,7.9360843,7.8297377,0.15868375,7.9884214,2796.3892,2514.2698,2946.6418,0.10088702,0.053730965
train,2001,17,7.948964,7.8987217,0.1176967,8.016418,2832.6392,2693.8367,3030.3047,0.04900112,0.0697814
train,2002,17,8.00107,7.959375,0.080565125,8.03994,2984.1492,2862.2832,3102.4265,0.04083776,0.039635196
train,2003,17,8.278091,8.089311,0.06263996,8.151951,3936.674,3259.44,3470.142,0.17203206,0.11850917
train,2004,17,8.192861,8.156835,0.10531278,8.262147,3615.0486,3487.1309,3874.4033,0.035384785,0.071743086
train,2005,17,8.44011,8.239346,0.06476443,8.30411,4629.0654,3787.061,4040.4426,0.18189512,0.12715802
train,2006,17,8.586596,8.374096,0.10722025,8.481317,5359.3374,4333.349,4823.797,0.19143939,0.09992663
train,2007,17,8.69245,8.490854,0.12021912,8.6110735,5957.7583,4870.0244,5492.1416,0.18257436,0.078153
train,2008,17,8.658976,8.625614,0.115936086,8.74155,5761.63,5572.5845,6257.5903,0.032811098,0.08607989
train,2009,17,8.700757,8.714868,0.051715426,8.766583,6007.458,6092.8276,6416.2134,0.014210608,0.06804132
train,2010,17,8.811588,8.864484,0.003942556,8.868426,6711.571,7076.14,7104.0933,0.054319523,0.05848444
train,2011,17,8.925527,9.015524,-0.04266585,8.972858,7521.543,8229.856,7886.1113,0.0941713,0.04846989
train,2012,17,8.923133,9.059794,-0.075798005,8.983996,7503.5605,8602.382,7974.4375,0.14643998,0.062753804
train,2013,17,8.91744,9.068729,-0.11063433,8.958096,7460.9683,8679.589,7770.545,0.16333278,0.041492827
train,2014,17,8.895126,9.081827,-0.13014571,8.951681,7296.327,8794.02,7720.8604,0.20526661,0.05818451
train,2015,17,8.863271,9.010515,-0.14577504,8.86474,7067.5615,8188.7393,7077.9556,0.15863714,0.0014706689
train,2016,17,8.817333,8.9923935,-0.12839787,8.863996,6750.2393,8041.6816,7072.686,0.19131802,0.047768198
train,2017,17,8.791008,8.944391,-0.12119169,8.823199,6574.856,7664.7812,6789.9526,0.16577174,0.03271504
train,2018,17,8.675098,8.849,-0.10831445,8.740685,5855.276,6967.418,6252.1797,0.18993846,0.06778567
train,2019,17,8.688684,8.665775,-0.10301026,8.562765,5935.3687,5800.9395,5233.132,0.022648837,0.11831393
train,2020,17,8.669899,8.657359,-0.013238059,8.644121,5824.91,5752.3237,5676.6763,0.012461381,0.02544827
train,1993,18,8.160994,8.314017,-0.07838982,8.235627,3501.664,4080.6733,3773.0054,0.16535261,0.07748925
train,1994,18,8.263554,8.434145,-0.09996322,8.334182,3879.8572,4601.5337,4163.7935,0.18600595,0.07318215
train,1995,18,8.363291,8.50223,-0.11350029,8.388729,4286.7783,4925.7397,4397.2256,0.14905399,0.025764631
train,1996,18,8.460204,8.601886,-0.10458295,8.497303,4723.022,5441.912,4901.5317,0.15220977,0.037795667
train,1997,18,8.774889,8.662438,-0.09315739,8.569281,6469.7256,5781.6157,5267.339,0.10635843,0.18584818
train,1998,18,8.72426,8.676233,0.0053948895,8.681628,6150.325,5861.9243,5893.635,0.046891972,0.041736074
train,1999,18,8.707641,8.710333,0.04139657,8.751729,6048.954,6065.2607,6321.6084,0.0026957786,0.04507462
train,2000,18,8.863234,8.818663,0.0416991,8.860362,7067.2983,6759.219,7047.033,0.043592203,0.0028674516
train,2001,18,8.7748995,8.826076,0.038032446,8.864108,6469.7935,6809.5107,7073.481,0.052508213,0.09330862
train,2002,18,8.854177,8.841034,0.012686061,8.85372,7003.5854,6912.1357,7000.3804,0.013057556,0.0004576339
train,2003,18,8.873318,8.953447,0.020821122,8.974269,7138.927,7734.51,7897.243,0.083427526,0.10622275
train,2004,18,8.967551,8.975351,-0.0023456453,8.973005,7844.3696,7905.7954,7887.27,0.0078305565,0.0054689404
train,2005,18,9.12978,9.108121,0.0068685827,9.114989,9225.991,9028.313,9090.538,0.021426179,0.0146816885
train,2006,18,9.231989,9.217821,0.01577103,9.233592,10218.846,10075.088,10235.241,0.014067911,0.0016044383
train,2007,18,9.373404,9.375617,0.023823166,9.39944,11771.11,11797.193,12081.61,0.0022158495,0.02637814
train,2008,18,9.396214,9.511604,0.020615073,9.532219,12042.694,13515.661,13797.172,0.12231206,0.14568812
train,2009,18,9.487802,9.547828,-0.0302308,9.517597,13197.749,14014.219,13596.9,0.061864316,0.030243898
train,2010,18,9.657968,9.6902275,-0.022204267,9.668023,15645.953,16158.919,15804.075,0.032785848,0.01010626
train,2011,18,9.717476,9.786454,-0.015297465,9.771156,16605.28,17791.11,17521.016,0.07141284,0.0551473
train,2012,18,9.801226,9.80915,-0.02772587,9.781424,18055.861,18199.506,17701.834,0.007955562,0.019607335
train,2013,18,9.751309,9.871993,-0.0028856802,9.869107,17176.705,19379.926,19324.08,0.12826794,0.1250167
train,2014,18,9.780136,9.861205,-0.03100839,9.830196,17679.059,19171.98,18586.604,0.08444578,0.05133446
train,2015,18,9.78366,9.775246,-0.024335032,9.750911,17741.467,17592.81,17169.86,0.008379028,0.032218724
train,2016,18,9.750843,9.553234,0.011740493,9.564975,17168.697,14090.189,14256.595,0.17930934,0.16961698
train,2017,18,9.787735,9.589329,0.10379351,9.693122,17813.912,14608.061,16205.759,0.17996337,0.09027514
train,2018,18,9.810642,9.641909,0.14041728,9.782326,18226.69,15396.703,17717.81,0.15526606,0.027919438
train,2019,18,9.868315,9.627268,0.14768139,9.774949,19308.771,15172.925,17587.594,0.21419522,0.08913968
train,2020,18,9.945628,9.620743,0.17744529,9.798188,20860.822,15074.242,18001.102,0.27738982,0.1370857
train,1993,19,5.748781,5.9247365,-0.13766572,5.7870708,313.80795,374.1798,326.05652,0.19238472,0.039032042
train,1994,19,5.908909,6.0732803,-0.10542977,5.9678507,368.30408,434.10233,390.6651,0.17865197,0.06071348
train,1995,19,6.064768,6.211843,-0.08158323,6.13026,430.42273,498.6194,459.55566,0.15844111,0.06768447
train,1996,19,6.2163577,6.2942777,-0.05721905,6.2370586,500.87558,541.4646,511.3522,0.081036136,0.020916618
train,1997,19,6.241528,6.2974353,-0.017054802,6.2803802,513.64276,543.177,533.9917,0.057499576,0.03961691
train,1998,19,6.2917876,6.3399534,0.005661163,6.3456144,540.118,566.76996,569.98755,0.049344733,0.05530193
train,1999,19,6.397861,6.3969526,0.017353864,6.4143066,600.5591,600.0138,610.51733,0.00090796745,0.016581636
train,2000,19,6.7228136,6.5738316,0.036054295,6.6098857,831.1528,716.1084,742.39813,0.13841544,0.106784984
train,2001,19,7.0477667,6.7513795,0.09095294,6.8423324,1150.2869,855.2377,936.67126,0.25650054,0.18570638
train,2002,19,7.3727193,6.87988,0.16772763,7.0476074,1591.9569,972.5096,1150.1038,0.38911062,0.27755347
train,2003,19,7.697672,7.0530896,0.26487258,7.317962,2203.2126,1156.4263,1507.1295,0.4751182,0.31594005
train,2004,19,7.540598,7.3788714,0.35190406,7.7307754,1882.9556,1601.781,2277.3672,0.14932618,0.20946412
train,2005,19,7.3469453,7.210585,0.26283404,7.473419,1551.4501,1353.6841,1760.6163,0.12747172,0.13481985
train,2006,19,7.440439,7.325761,0.17487897,7.50064,1703.4983,1518.9292,1809.1997,0.108347096,0.062049616
train,2007,19,7.5321426,7.4554143,0.09753729,7.552952,1867.1018,1729.2002,1906.3618,0.07385865,0.021027246
train,2008,19,7.6274796,7.6742706,0.060396466,7.7346673,2053.867,2152.2534,2286.248,0.047903042,0.11314321
train,2009,19,7.681474,7.7140536,0.013128117,7.727182,2167.8132,2239.6025,2269.1982,0.033116,0.046768334
train,2010,19,7.817787,7.8642693,0.00080727926,7.8650765,2484.4016,2602.608,2604.71,0.047579385,0.048425484
train,2011,19,7.952104,8.082944,-0.017358843,8.065585,2841.5474,3238.7537,3183.018,0.13978522,0.12017069
train,2012,19,8.000519,8.1247835,-0.055231813,8.069551,2982.5046,3377.1367,3195.6685,0.13231567,0.071471415
train,2013,19,8.050209,8.185978,-0.07629827,8.109679,3134.45,3590.253,3326.5107,0.14541721,0.06127416
train,2014,19,8.103593,8.23554,-0.091576934,8.143964,3306.326,3772.6782,3442.5364,0.14104849,0.04119692
train,2015,19,8.230365,8.266902,-0.09040004,8.176502,3753.203,3892.8699,3556.3933,0.037212748,0.052437764
train,2016,19,8.250011,8.311555,-0.05848364,8.253071,3827.6697,4070.6375,3839.3977,0.06347668,0.0030640124
train,2017,19,8.387615,8.455959,-0.05203718,8.403922,4392.33,4703.016,4464.5425,0.07073376,0.016440568
train,2018,19,8.4737835,8.484831,-0.04395555,8.440875,4787.5947,4840.779,4632.607,0.011108727,0.032372788
train,2019,19,8.57485,8.490108,-0.03352257,8.456585,5296.758,4866.3896,4705.9595,0.08125124,0.11153962
train,2020,19,8.650997,8.516093,0.0017672065,8.51786,5715.8433,4994.5034,5003.337,0.12620008,0.124654636
train,1993,20,5.3117557,5.6197543,-0.27432618,5.345428,202.70578,275.82162,209.64758,0.36069936,0.034245707
train,1994,20,5.4704967,5.755297,-0.24147333,5.513824,237.57816,315.8594,248.09804,0.32949683,0.04427967
train,1995,20,5.6247563,5.8569665,-0.21066426,5.646302,277.20474,349.66183,283.24216,0.26138476,0.021779623
train,1996,20,5.7745337,5.98533,-0.17022459,5.8151054,321.99426,397.55374,335.32675,0.23466095,0.041405983
train,1997,20,6.1022286,6.046561,-0.1322074,5.9143534,446.8525,422.65692,370.31476,0.054146696,0.1712819
train,1998,20,6.101461,6.113406,-0.028998045,6.0844083,446.5096,451.87527,438.96,0.012016901,0.016908083
train,1999,20,6.3709745,6.2564855,0.012208341,6.268694,584.62726,521.3833,527.7876,0.10817826,0.09722376
train,2000,20,6.2810254,6.263713,0.07098834,6.334701,534.3363,525.1652,563.80084,0.0171635,0.05514231
train,2001,20,6.2955556,6.3831997,0.059562568,6.4427624,542.157,591.8183,628.1395,0.09159952,0.15859345
train,2002,20,6.4361277,6.434315,0.02779614,6.4621115,623.98584,622.8559,640.41187,0.0018108486,0.026324356
train,2003,20,6.5713606,6.542964,0.025358884,6.5683227,714.3411,694.34155,712.17426,0.02799723,0.0030333828
train,2004,20,6.7431846,6.644498,0.032679435,6.6771774,848.2578,768.54407,794.0746,0.09397349,0.0638759
train,2005,20,6.787624,6.7231727,0.06816806,6.791341,886.80383,831.4513,890.10626,0.06241802,0.003723968
train,2006,20,7.0171533,6.9274006,0.07904978,7.00645,1115.6063,1019.8395,1103.7295,0.08584287,0.010646077
train,2007,20,7.0628815,7.059937,0.09106978,7.1510067,1167.8054,1164.3718,1275.3893,0.0029402105,0.09212482
train,2008,20,7.2598667,7.240959,0.07023874,7.3111978,1422.067,1395.4319,1496.9691,0.018729871,0.052671287
train,2009,20,7.2931514,7.2603407,0.06438031,7.324721,1470.1965,1422.7412,1517.3502,0.032278217,0.03207305
train,2010,20,7.3528905,7.3601685,0.07179653,7.431965,1560.7013,1572.1012,1689.1233,0.007304346,0.0822848
train,2011,20,7.5680466,7.5209436,0.059683878,7.5806274,1935.3561,1846.3086,1959.8584,0.046010904,0.012660367
train,2012,20,7.6979938,7.6284404,0.062625594,7.691066,2203.922,2055.8413,2188.706,0.06718968,0.0069040842
train,2013,20,7.755776,7.674408,0.07893437,7.753342,2335.0203,2152.549,2329.3445,0.078145444,0.0024307203
train,2014,20,7.807493,7.7033634,0.08966336,7.793027,2458.9585,2215.788,2423.6428,0.09889163,0.014362046
train,2015,20,7.8563867,7.7014847,0.10738456,7.8088694,2582.1733,2211.6292,2462.345,0.1435009,0.046406012
train,2016,20,7.9124694,7.7477493,0.13594148,7.883691,2731.1262,2316.353,2653.6487,0.15186892,0.028368348
train,2017,20,7.904943,7.623273,0.15012275,7.7733955,2710.648,2045.245,2376.527,0.24547745,0.12326235
train,2018,20,7.937605,7.642159,0.18821493,7.830374,2800.6448,2084.2388,2515.8694,0.2558004,0.10168208
train,2019,20,7.945763,7.6053476,0.20958278,7.8149304,2823.5864,2008.9102,2477.3145,0.28852534,0.12263551
train,2020,20,7.8995595,7.6173697,0.2416472,7.859017,2696.0947,2033.207,2588.9739,0.24586959,0.039731856
train,1993,21,6.899914,6.89458,-0.017540447,6.8770394,992.18915,986.9111,969.7511,0.005319627,0.02261469
train,1994,21,7.033654,7.032553,-0.007999605,7.024554,1134.1676,1132.9194,1123.893,0.0011005155,0.009059207
train,1995,21,7.1636767,7.1935797,-0.00046706898,7.1931124,1291.6514,1330.8588,1330.237,0.030354474,0.02987315
train,1996,21,7.289981,7.338151,-0.003593007,7.334558,1465.5427,1537.8658,1532.3502,0.049349036,0.0455855
train,1997,21,7.7255383,7.4426208,-0.0062672836,7.4363537,2265.4717,1707.2185,1696.5527,0.24641807,0.25112605
train,1998,21,7.7543473,7.417335,0.11638471,7.5337195,2331.6868,1664.5916,1870.0483,0.28609985,0.19798476
train,1999,21,7.5583014,7.438575,0.1964791,7.635054,1916.5874,1700.3252,2069.483,0.11283712,0.07977487
train,2000,21,7.5378737,7.435479,0.17127275,7.606752,1877.8331,1695.0697,2011.7332,0.09732677,0.0713056
train,2001,21,7.6993747,7.586019,0.11846454,7.7044835,2206.9673,1970.4535,2218.2715,0.10716688,0.005122051
train,2002,21,7.816898,7.6751003,0.09704706,7.772147,2482.1934,2154.0396,2373.562,0.13220316,0.043764256
train,2003,21,7.8572383,7.7990956,0.09852629,7.897622,2584.373,2438.3958,2690.8762,0.056484606,0.04121045
train,2004,21,8.070937,7.958594,0.07298536,8.031579,3200.0994,2860.0483,3076.5957,0.10626265,0.038593695
train,2005,21,8.284771,8.176693,0.071897455,8.24859,3963.057,3557.072,3822.2346,0.102442354,0.03553375
train,2006,21,8.324524,8.317489,0.08018645,8.3976755,4123.7734,4094.8635,4436.7417,0.007010548,0.07589366
train,2007,21,8.417997,8.414657,0.03871682,8.453374,4527.8267,4512.726,4690.873,0.0033350626,0.036009856
train,2008,21,8.550508,8.579318,0.0074487696,8.586767,5169.3774,5320.476,5360.257,0.02922956,0.036925025
train,2009,21,8.633004,8.640397,-0.029208938,8.611188,5613.918,5655.575,5492.77,0.0074203485,0.021579929
train,2010,21,8.77565,8.808591,-0.026710832,8.78188,6474.6514,6691.4834,6515.116,0.033489376,0.0062497333
train,2011,21,8.886544,8.959277,-0.045928568,8.913348,7233.9775,7779.732,7430.498,0.0754432,0.027166314
train,2012,21,8.964093,9.066176,-0.07739665,8.98878,7817.29,8657.458,8012.676,0.1074756,0.024994051
train,2013,21,8.962379,9.12107,-0.10660901,9.014461,7803.9043,9145.981,8221.11,0.17197509,0.053461194
train,2014,21,9.023971,9.155747,-0.1403575,9.01539,8299.667,9468.705,8228.759,0.14085361,0.0085435
train,2015,21,9.026483,9.129964,-0.14432126,8.985642,8320.541,9227.689,7987.574,0.10902517,0.040017445
train,2016,21,9.020547,9.124394,-0.13061583,8.993778,8271.3,9176.438,8052.825,0.10943125,0.026413577
train,2017,21,9.009636,9.177532,-0.12739713,9.050135,8181.542,9677.241,8519.685,0.18281385,0.04132993
train,2018,21,9.035196,9.219007,-0.15024391,9.068763,8393.361,10087.038,8679.878,0.20178767,0.034136098
train,2019,21,9.106376,9.225698,-0.1669843,9.058714,9012.571,10154.766,8593.092,0.12673345,0.046543818
train,2020,21,9.112335,9.231846,-0.14392495,9.087921,9066.442,10217.384,8847.774,0.12694521,0.024118388
train,1993,22,7.831375,8.091387,-0.25429088,7.8370957,2518.3901,3266.214,2532.8381,0.29694524,0.0057369974
train,1994,22,8.015619,8.293961,-0.22678684,8.067174,3027.884,3999.6436,3188.079,0.32093683,0.052906606
train,1995,22,8.192942,8.452318,-0.21277736,8.239541,3615.3416,4685.923,3787.8013,0.29612175,0.047702193
train,1996,22,8.363341,8.596872,-0.19379172,8.403081,4286.995,5414.6978,4460.7896,0.263052,0.04053992
train,1997,22,8.68462,8.663196,-0.16643718,8.496758,5911.2925,5785.9946,4898.8633,0.021196354,0.17127036
train,1998,22,8.840985,8.76648,-0.057823073,8.708657,6911.7993,6415.5527,6055.1064,0.07179702,0.123946436
train,1999,22,8.831298,8.8105955,0.024756415,8.835352,6845.1655,6704.9106,6872.9717,0.020489626,0.0040621595
train,2000,22,8.838785,8.809079,0.044006985,8.853086,6896.61,6694.7515,6995.9487,0.02926922,0.014404015
train,2001,22,9.035971,8.890769,0.033457324,8.924227,8399.863,7264.604,7511.773,0.13515212,0.10572676
train,2002,22,8.911485,9.059649,0.07552462,9.135174,7416.6646,8601.135,9275.89,0.1597039,0.25068212
train,2003,22,9.124701,9.20907,0.002374129,9.211444,9179.248,9987.307,10011.042,0.088031024,0.090616785
train,2004,22,9.308611,9.395469,-0.020921042,9.374548,11032.612,12033.729,11784.589,0.09074154,0.06815943
train,2005,22,9.745683,9.596984,-0.040365044,9.556619,17080.33,14720.317,14137.961,0.13817137,0.17226653
train,2006,22,9.827382,9.697818,0.06689114,9.7647085,18534.37,16282.038,17408.406,0.12152186,0.060749996
train,2007,22,9.935503,9.782613,0.09328444,9.875897,20650.668,17722.9,19455.74,0.14177592,0.05786388
train,2008,22,10.010624,9.892874,0.11630865,10.009182,22261.72,19788.848,22229.645,0.111081846,0.0014408667
train,2009,22,10.0542555,9.922025,0.108539596,10.030564,23254.535,20374.203,22710.084,0.12386109,0.023412688
train,2010,22,10.122722,9.9925585,0.11294956,10.105508,24902.453,21863.164,24477.457,0.122047774,0.017066434
train,2011,22,10.197961,10.054058,0.11714321,10.171202,26848.38,23249.945,26139.469,0.13402803,0.026404278
train,2012,22,10.254119,10.103076,0.12898713,10.232063,28399.275,24418.002,27779.77,0.14018926,0.021814143
train,2013,22,10.180073,10.1180725,0.13948432,10.257557,26372.387,24786.947,28497.078,0.060117405,0.080565006
train,2014,22,10.222505,10.145541,0.101869546,10.247411,27515.496,25477.25,28209.408,0.074076295,0.025218956
train,2015,22,10.201174,10.130745,0.1084803,10.239225,26934.785,25103.059,27979.443,0.06800599,0.038784724
train,2016,22,10.189549,10.140448,0.107449815,10.247897,26623.496,25347.809,28223.13,0.047915854,0.06008357
train,2017,22,10.17847,10.1434145,0.102138534,10.245553,26330.14,25423.125,28157.049,0.034447808,0.06938467
train,2018,22,10.257998,10.152999,0.10057104,10.25357,28509.666,25667.96,28383.68,0.09967514,0.004419074
train,2019,22,10.32628,10.077833,0.14081767,10.218651,30524.338,23809.338,27409.66,0.21998839,0.10203916
train,2020,22,10.358634,10.086943,0.21908493,10.306027,31528.084,24027.22,29912.37,0.23791054,0.051246844
train,1993,23,7.5544696,7.871165,-0.2549483,7.6162167,1909.2573,2620.6165,2030.8641,0.37258422,0.063693255
train,1994,23,7.683762,7.971582,-0.23725268,7.734329,2172.7786,2897.4373,2285.475,0.33351704,0.051867474
train,1995,23,7.8075852,8.076703,-0.21688783,7.859815,2459.185,3218.604,2591.0413,0.3088092,0.053617842
train,1996,23,7.925939,8.164146,-0.19595705,7.9681892,2768.1628,3512.7214,2887.624,0.2689721,0.043155402
train,1997,23,8.169219,8.18716,-0.17190509,8.015254,3530.5854,3594.4976,3026.778,0.018102411,0.14269798
train,1998,23,8.192715,8.189825,-0.08621763,8.103607,3614.5212,3604.0916,3306.373,0.0028854962,0.08525284
train,1999,23,8.280396,8.222434,-0.031691693,8.1907425,3945.7583,3723.5547,3607.3997,0.056314554,0.0857525
train,2000,23,8.324935,8.288075,0.018408008,8.306483,4125.469,3976.1748,4050.045,0.036188472,0.018282603
train,2001,23,8.356365,8.353381,0.02858379,8.381965,4257.193,4244.5083,4367.5815,0.0029795622,0.02592992
train,2002,23,8.408655,8.389224,0.02476421,8.413988,4485.7236,4399.4023,4509.71,0.019243559,0.0053472593
train,2003,23,8.469347,8.506117,0.031448703,8.537565,4766.4023,4944.9243,5102.905,0.03745424,0.07059883
train,2004,23,8.598092,8.613161,0.017087003,8.630248,5421.3066,5503.6187,5598.467,0.015183058,0.032678496
train,2005,23,8.699924,8.658035,0.020228028,8.678264,6002.4585,5756.2144,5873.838,0.04102388,0.021427987
train,2006,23,8.847011,8.713015,0.04479775,8.7578125,6953.5703,6081.548,6360.1836,0.12540643,0.085335545
train,2007,23,8.927021,8.791616,0.08570326,8.877319,7532.792,6578.858,7167.5513,0.12663752,0.048486765
train,2008,23,8.947542,8.844487,0.10812231,8.952609,7688.9707,6936.046,7728.029,0.097922705,0.0050797574
train,2009,23,8.983554,8.797815,0.11084383,8.908659,7970.91,6619.766,7395.7363,0.16950938,0.07215912
train,2010,23,9.07337,8.923704,0.13658386,9.060288,8719.96,7507.8477,8606.633,0.13900435,0.012996293
train,2011,23,9.068891,8.98223,0.13270597,9.114936,8680.987,7960.365,9090.052,0.08301153,0.047121882
train,2012,23,9.081425,8.953086,0.1171391,9.070225,8790.481,7731.7144,8692.577,0.12044472,0.011137535
train,2013,23,9.143114,8.978086,0.12087389,9.09896,9349.837,7927.4487,8945.983,0.15212972,0.043193642
train,2014,23,9.126942,8.958018,0.13188048,9.089899,9199.843,7769.944,8865.291,0.15542646,0.036364943
train,2015,23,9.150072,8.938086,0.13797677,9.076062,9415.119,7616.601,8743.468,0.19102447,0.071337536
train,2016,23,9.169547,8.949326,0.15231992,9.101645,9600.275,7702.6953,8970.041,0.19765893,0.06564753
train,2017,23,9.175278,8.99154,0.15406507,9.145605,9655.449,8034.821,9373.155,0.167846,0.029236749
train,2018,23,9.117024,9.022467,0.14325514,9.165722,9109.057,8287.193,9563.623,0.090224855,0.04990269
train,2019,23,9.158661,9.05278,0.11474077,9.1675205,9496.332,8542.254,9580.84,0.10046807,0.008898995
train,2020,23,9.085234,9.033211,0.100525215,9.133736,8824.027,8376.712,9262.559,0.05069289,0.049697403
train,1993,24,7.8164253,7.823151,0.022170117,7.845321,2481.0208,2497.7637,2553.7578,0.0067483997,0.029317394
train,1994,24,7.9399505,7.9525356,0.026016856,7.9785523,2807.2214,2842.7742,2917.704,0.012664742,0.03935659
train,1995,24,8.058947,8.081972,0.023784405,8.105757,3161.9578,3235.6082,3313.4883,0.023292655,0.047923006
train,1996,24,8.173413,8.187723,0.019239573,8.206963,3545.4246,3596.5244,3666.3892,0.014412901,0.03411851
train,1997,24,8.417744,8.259273,0.022513052,8.281786,4526.678,3863.2827,3951.2449,0.14655238,0.12712045
train,1998,24,8.415077,8.2999,0.07827068,8.378171,4514.624,4023.4702,4351.0435,0.10879174,0.036233485
train,1999,24,8.403158,8.236549,0.09236378,8.328913,4461.134,3776.4866,4141.912,0.15346932,0.07155618
train,2000,24,8.427458,8.295994,0.12278504,8.418778,4570.865,4007.7842,4531.3643,0.12318916,0.008641903
train,2001,24,8.620599,8.48771,0.114149,8.601859,5544.706,4854.736,5441.767,0.12443765,0.01856527
train,2002,24,8.789294,8.629591,0.11239184,8.741982,6563.598,5594.7896,6260.2944,0.14760327,0.046209976
train,2003,24,8.892561,8.797161,0.10940544,8.906567,7277.633,6615.4365,7380.278,0.09099062,0.014104176
train,2004,24,8.932535,8.932802,0.07937736,9.012179,7574.4434,7576.4663,8202.378,0.00026707564,0.082901746
train,2005,24,8.9776125,8.9794855,0.019503998,8.998989,7923.692,7938.5464,8094.8965,0.0018746933,0.021606669
train,2006,24,9.087214,9.085555,-0.0043500443,9.081205,8841.523,8826.863,8788.554,0.001658103,0.005991018
train,2007,24,9.150934,9.223069,-0.021629633,9.20144,9423.239,10128.102,9911.39,0.074800424,0.05180282
train,2008,24,9.250265,9.345991,-0.06370936,9.282282,10407.325,11452.819,10745.925,0.10045753,0.03253474
train,2009,24,9.25349,9.258459,-0.09766271,9.160796,10440.945,10492.953,9516.631,0.00498114,0.08852785
train,2010,24,9.303039,9.429218,-0.06753771,9.361681,10971.307,12446.794,11633.928,0.13448602,0.060395822
train,2011,24,9.375836,9.575517,-0.1060194,9.469498,11799.782,14407.681,12958.376,0.22101243,0.09818772
train,2012,24,9.429602,9.578498,-0.15300949,9.425488,12451.566,14450.696,12400.454,0.16055249,0.0041048895
train,2013,24,9.469772,9.57909,-0.15628587,9.422804,12961.936,14459.257,12367.209,0.1155168,0.04588254
train,2014,24,9.474525,9.51531,-0.14056055,9.37475,13023.692,13565.842,11786.972,0.041627936,0.0949593
train,2015,24,9.448506,9.379923,-0.09098326,9.288939,12689.198,11848.101,10817.706,0.06628454,0.14748703
train,2016,24,9.468674,9.371384,-0.022074355,9.349309,12947.703,11747.358,11490.881,0.09270716,0.11251588
train,2017,24,9.486658,9.517428,0.025156012,9.542584,13182.666,13594.606,13940.931,0.031248644,0.057519827
train,2018,24,9.485506,9.547852,-0.011642383,9.536209,13167.488,14014.553,13852.334,0.06433,0.052010354
train,2019,24,9.540053,9.588707,-0.039733455,9.548973,13905.689,14598.98,14030.279,0.049856644,0.0089596305
train,2020,24,9.54595,9.614247,-0.047793746,9.566454,13987.929,14976.6455,14277.696,0.070683576,0.020715546
train,1993,25,7.5815296,7.7515173,-0.18965489,7.5618625,1961.6271,2325.0974,1923.4244,0.18529023,0.019474974
train,1994,25,7.717249,7.9140697,-0.16388793,7.7501817,2246.77,2735.5005,2321.9941,0.21752581,0.033481006
train,1995,25,7.848436,8.039293,-0.15352798,7.885765,2561.724,3100.4214,2659.1587,0.21028699,0.038034763
train,1996,25,7.9750905,8.216292,-0.13964015,8.076653,2907.6208,3700.756,3218.4417,0.2727781,0.10689867
train,1997,25,8.408081,8.336116,-0.1423677,8.193748,4483.1494,4171.854,3618.2598,0.069436766,0.1929201
train,1998,25,8.425879,8.360204,-0.01868945,8.341515,4563.6523,4273.5654,4194.4375,0.063564636,0.080903366
train,1999,25,8.337505,8.308276,0.04478845,8.353065,4177.655,4057.3132,4243.164,0.028806007,0.015680874
train,2000,25,8.306256,8.313879,0.066014245,8.379893,4049.1257,4080.109,4358.5435,0.0076518133,0.07641593
train,2001,25,8.332196,8.294382,0.04081656,8.335198,4155.534,4001.3298,4168.0283,0.03710819,0.0030066269
train,2002,25,8.435855,8.3861265,0.04112949,8.427256,4609.4087,4385.7964,4569.9414,0.048512146,0.008562331
train,2003,25,8.654866,8.5559845,0.04448249,8.600467,5738.0015,5197.768,5434.1953,0.094150096,0.052946337
train,2004,25,8.759041,8.651562,0.07294561,8.724507,6368.001,5719.072,6151.8447,0.1019047,0.03394413
train,2005,25,8.727919,8.674515,0.08855092,8.763065,6172.866,5851.8594,6393.68,0.05200288,0.03577171
train,2006,25,8.815062,8.802744,0.06797124,8.870715,6734.923,6652.4727,7120.371,0.012242189,0.057231277
train,2007,25,8.962066,8.917398,0.041102465,8.958501,7801.456,7460.6553,7773.695,0.04368425,0.0035584678
train,2008,25,9.1187935,9.103242,0.039145418,9.142387,9125.186,8984.373,9343.044,0.015431193,0.023874408
train,2009,25,9.228786,9.202021,0.039164502,9.241185,10186.173,9917.148,10313.255,0.026410745,0.012475935
train,2010,25,9.393952,9.340494,0.04542834,9.385922,12015.496,11390.035,11919.396,0.052054524,0.007997973
train,2011,25,9.55287,9.410454,0.0470658,9.45752,14085.058,12215.413,12804.085,0.13273957,0.090945505
train,2012,25,9.599681,9.510213,0.06607771,9.57629,14760.07,13496.866,14418.828,0.085582525,0.02311928
train,2013,25,9.576897,9.568575,0.069702506,9.638277,14427.576,14308.011,15340.889,0.0082872845,0.063303255
train,2014,25,9.608895,9.552686,0.04047406,9.59316,14896.705,14082.467,14664.131,0.054658953,0.015612461
train,2015,25,9.587152,9.504597,0.041178446,9.545775,14576.29,13421.28,13985.486,0.07923894,0.04053183
train,2016,25,9.595976,9.464537,0.058043778,9.52258,14705.485,12894.248,13664.822,0.12316746,0.070767
train,2017,25,9.623702,9.48677,0.081787,9.568557,15118.918,13184.138,14307.752,0.12797081,0.053652387
train,2018,25,9.547185,9.48762,0.09187709,9.579497,14005.213,13195.358,14465.146,0.05782522,0.03284017
train,2019,25,9.58461,9.556617,0.064607926,9.621224,14539.291,14137.935,15081.506,0.027604952,0.037293073
train,2020,25,9.56891,9.548455,0.04192439,9.59038,14312.803,14023.016,14623.421,0.020246707,0.02170212
train,1993,26,6.878501,6.8537936,0.025615474,6.8794093,971.1695,947.46844,972.05194,0.024404649,0.00090864295
train,1994,26,7.010294,7.020254,0.01620074,7.0364547,1107.9802,1119.071,1137.3483,0.010009944,0.026505927
train,1995,26,7.137474,7.181151,-0.0006112675,7.1805396,1258.2462,1314.42,1313.617,0.044644542,0.044006273
train,1996,26,7.2600417,7.327133,-0.019061323,7.308072,1422.316,1521.015,1492.2974,0.069393136,0.04920237
train,1997,26,7.5472445,7.403228,-0.033051215,7.370177,1895.5125,1641.2734,1587.9146,0.1341268,0.16227691
train,1998,26,7.5755463,7.4077454,0.03863096,7.4463763,1949.9252,1648.7048,1713.6423,0.1544779,0.121175334
train,1999,26,7.58939,7.4273834,0.094710805,7.5220942,1977.1068,1681.4023,1848.4343,0.14956424,0.0650812
train,2000,26,7.729651,7.543831,0.11873143,7.6625624,2274.808,1889.053,2127.2012,0.169577,0.06488764
train,2001,26,7.7575974,7.6051416,0.12249722,7.7276387,2339.2776,2008.4963,2270.2354,0.14140317,0.02951434
train,2002,26,7.8249073,7.661979,0.11459603,7.776575,2502.154,2125.961,2384.0955,0.15034771,0.047182783
train,2003,26,7.867147,7.7848096,0.11492244,7.899732,2610.1082,2403.8083,2696.5598,0.0790388,0.03312187
train,2004,26,7.9777102,7.97425,0.08366075,8.057911,2915.2478,2905.1775,3158.6846,0.003454359,0.083504654
train,2005,26,8.035944,8.128065,0.040427346,8.168492,3090.0544,3388.2373,3528.0208,0.09649761,0.14173417
train,2006,26,8.123471,8.258103,-0.017884856,8.240218,3372.708,3858.7686,3790.367,0.1441158,0.12383489
train,2007,26,8.222885,8.373456,-0.059254687,8.314201,3725.2346,4330.5767,4081.4243,0.1624977,0.09561537
train,2008,26,8.312053,8.540887,-0.08234302,8.458544,4072.6648,5119.8833,4715.1865,0.25713348,0.15776445
train,2009,26,8.406736,8.542504,-0.12490003,8.417604,4477.125,5128.171,4526.048,0.14541607,0.010927292
train,2010,26,8.569447,8.646479,-0.09747861,8.549,5268.214,5690.0747,5161.589,0.080076635,0.020239307
train,2011,26,8.65536,8.781247,-0.068842776,8.712404,5740.8364,6510.992,6077.837,0.13415393,0.05870233
train,2012,26,8.751483,8.855932,-0.069388404,8.786544,6320.053,7015.8853,6545.5703,0.11009908,0.035682783
train,2013,26,8.747141,8.89941,-0.0661887,8.833221,6292.671,7327.651,6858.3447,0.16447388,0.08989407
train,2014,26,8.781758,8.913705,-0.08283402,8.830871,6514.321,7433.149,6842.241,0.14104742,0.050338387
train,2015,26,8.801728,8.885154,-0.08151896,8.803635,6645.7197,7223.926,6658.401,0.08700428,0.0019081684
train,2016,26,8.797166,8.834466,-0.064423665,8.770042,6615.4683,6866.8857,6438.4453,0.038004488,0.026758945
train,2017,26,8.753896,8.800166,-0.038076114,8.76209,6335.3203,6635.346,6387.4453,0.04735765,0.008227682
train,2018,26,8.747994,8.81297,-0.026874403,8.786096,6298.0444,6720.851,6542.6377,0.067133,0.038836382
train,2019,26,8.796661,8.623262,-0.027846148,8.595416,6612.132,5559.494,5406.8184,0.15919793,0.18228818
train,2020,26,8.78295,8.621179,0.04322205,8.664401,6522.0913,5547.9214,5792.973,0.14936465,0.11179208
train,1993,27,7.054386,7.1153483,-0.0882609,7.027087,1157.9264,1230.7122,1126.7438,0.062858716,0.026929706
train,1994,27,7.1605525,7.263674,-0.0919863,7.1716876,1287.6222,1427.4912,1302.0402,0.10862582,0.011197359
train,1995,27,7.265649,7.4147806,-0.10276504,7.3120155,1430.3134,1660.3448,1498.1937,0.16082594,0.04745839
train,1996,27,7.3696747,7.514427,-0.114602424,7.3998246,1587.1173,1834.3164,1635.6974,0.15575351,0.030609002
train,1997,27,7.746562,7.5996594,-0.11196452,7.4876947,2313.6045,1997.5154,1785.9303,0.13662194,0.2280745
train,1998,27,7.7670984,7.6283226,-0.024163824,7.604159,2361.609,2055.599,2006.5234,0.12957682,0.15035744
train,1999,27,7.7531905,7.6704383,0.027940853,7.698379,2328.9912,2144.021,2204.7712,0.079420745,0.053336386
train,2000,27,7.789944,7.798989,0.043357745,7.8423467,2416.1829,2438.1355,2546.1729,0.009085668,0.053799734
train,2001,27,7.206535,8.011875,0.0029200283,8.014795,1348.2124,3016.568,3025.39,1.2374576,1.2440009
train,2002,27,7.871329,7.853998,-0.23421094,7.619787,2621.0464,2576.0132,2038.1285,0.017181383,0.2223989
train,2003,27,8.006486,7.9371853,-0.12144916,7.8157363,3000.355,2799.4697,2479.3118,0.06695383,0.17366052
train,2004,27,8.12461,8.1031,-0.060373608,8.0427265,3376.5505,3304.6963,3111.084,0.02128037,0.078620635
train,2005,27,8.288186,8.160802,0.0149017945,8.175704,3976.6143,3500.993,3553.556,0.119604595,0.10638657
train,2006,27,8.38351,8.323502,0.046942934,8.370444,4374.3345,4119.56,4317.554,0.05824301,0.012980322
train,2007,27,8.436535,8.413022,0.035733137,8.448755,4612.5444,4505.3555,4669.2573,0.023238577,0.012295359
train,2008,27,8.5169735,8.583439,0.030652033,8.614091,4998.902,5342.4463,5508.739,0.068723984,0.10198978
train,2009,27,8.579961,8.613679,-0.011066927,8.602612,5323.8975,5506.469,5445.8633,0.03429288,0.022909123
train,2010,27,8.65973,8.779931,-0.00028530182,8.779646,5765.9775,6502.429,6500.575,0.12772365,0.1274021
train,2011,27,8.822386,8.942932,-0.039244723,8.9036875,6784.431,7653.6055,7359.06,0.12811308,0.08469817
train,2012,27,8.986934,9.039567,-0.045592636,8.993975,7997.895,8430.126,8054.4077,0.054043088,0.0070659462
train,2013,27,9.12186,9.071762,-0.015549721,9.056212,9153.206,8705.951,8571.624,0.048863195,0.06353861
train,2014,27,9.209466,9.097443,0.027309602,9.124752,9991.261,8932.42,9179.721,0.1059767,0.081224985
train,2015,27,9.209772,9.074927,0.07440002,9.149327,9994.319,8733.552,9408.108,0.12614842,0.058654413
train,2016,27,9.309218,9.115112,0.117733635,9.232846,11039.316,9091.655,10227.611,0.17642951,0.073528565
train,2017,27,9.37893,9.235701,0.15811509,9.393816,11836.344,10256.846,12013.855,0.13344476,0.014997175
train,2018,27,9.397858,9.30106,0.1520157,9.453075,12062.511,10949.617,12747.308,0.092260525,0.056770675
train,2019,27,9.447568,9.326989,0.1334806,9.46047,12677.295,11237.247,12841.921,0.11359268,0.012985892
train,2020,27,9.455509,9.333597,0.15229733,9.485894,12778.37,11311.749,13172.6,0.11477372,0.030851312
train,1993,28,6.7953005,7.137318,-0.23538753,6.901931,893.6377,1258.0499,994.1925,0.4077852,0.11252302
train,1994,28,6.945498,7.254907,-0.20700331,7.047904,1038.464,1415.0316,1150.445,0.36261982,0.10783326
train,1995,28,7.090777,7.371059,-0.17979749,7.1912613,1200.8403,1589.3158,1327.777,0.32350302,0.10570651
train,1996,28,7.2311387,7.504828,-0.1524008,7.352427,1381.795,1816.7928,1559.978,0.3148063,0.12895037
train,1997,28,7.6665654,7.6108274,-0.13061537,7.480212,2135.7336,2019.9489,1772.6171,0.05421312,0.1700196
train,1998,28,7.6184373,7.6543865,-0.008179643,7.646207,2035.3788,2109.8804,2092.6926,0.0366033,0.02815881
train,1999,28,7.5385857,7.6217484,0.030017423,7.651766,1879.1704,2042.1296,2104.3582,0.08671871,0.119833596
train,2000,28,7.6075735,7.6357937,0.035851624,7.671645,2013.3866,2071.0142,2146.61,0.028622204,0.06616887
train,2001,28,7.68766,7.6683154,0.0315417,7.699857,2181.265,2139.474,2208.0327,0.019158961,0.012271698
train,2002,28,7.828523,7.7633867,0.038675662,7.8020625,2511.218,2352.8596,2445.6409,0.063060395,0.026113681
train,2003,28,8.001393,7.8910813,0.064890765,7.955972,2985.1143,2673.3333,2852.5605,0.10444525,0.044404905
train,2004,28,7.7292237,7.931355,0.09108309,8.022438,2273.8364,2783.1956,3048.6008,0.2240087,0.34073004
train,2005,28,8.440413,8.139907,0.012052124,8.151959,4630.4688,3428.5986,3470.172,0.2595569,0.25057864
train,2006,28,8.473681,8.252599,0.12273336,8.375332,4787.1064,3837.5857,4338.708,0.19834962,0.09366795
train,2007,28,8.5447645,8.337868,0.14354126,8.481409,5139.7744,4179.169,4824.243,0.18689643,0.0613901
train,2008,28,8.603851,8.428688,0.16163158,8.59032,5452.6187,4576.492,5379.333,0.16067995,0.01344045
train,2009,28,8.701088,8.487552,0.14108528,8.628637,6009.447,4853.968,5589.4565,0.1922771,0.06988834
train,2010,28,8.762875,8.589701,0.149713,8.739413,6392.4604,5376.0044,6244.231,0.15900858,0.023188176
train,2011,28,8.832652,8.654951,0.13232909,8.78728,6854.442,5738.4883,6550.3916,0.16280736,0.04435814
train,2012,28,8.919583,8.745001,0.12528999,8.870291,7476.973,6279.2188,7117.35,0.16019242,0.04809741
train,2013,28,8.901732,8.810872,0.118731745,8.929604,7344.687,6706.765,7552.2705,0.086854875,0.028263083
train,2014,28,8.936875,8.801357,0.091427095,8.892784,7607.389,6643.2544,7279.257,0.12673661,0.04313337
train,2015,28,8.89978,8.771822,0.08757289,8.859395,7330.3623,6449.9136,7040.2227,0.12010985,0.03958053
train,2016,28,8.931203,8.816659,0.08087853,8.897537,7564.359,6745.6895,7313.939,0.10822721,0.03310524
train,2017,28,8.9693985,8.873447,0.08644394,8.959891,7858.873,7139.8525,7784.511,0.09149156,0.009462148
train,2018,28,9.043513,8.931939,0.07898889,9.010928,8463.459,7569.93,8192.121,0.1055749,0.03205993
train,2019,28,9.093635,8.997427,0.076132685,9.07356,8898.47,8082.2617,8721.615,0.09172454,0.019874709
train,2020,28,9.1525755,9.037039,0.067739986,9.104779,9438.719,8408.84,8998.194,0.10911215,0.046672057
train,1993,29,7.517353,7.6306396,-0.07318883,7.557451,1839.6913,2060.3674,1914.9575,0.11995281,0.040912427
train,1994,29,7.6575823,7.7823997,-0.07160945,7.71079,2116.6338,2398.0222,2232.3054,0.13294148,0.054648865
train,1995,29,7.793271,8.007528,-0.074301034,7.933227,2424.2344,3003.4844,2788.4106,0.23894142,0.15022321
train,1996,29,7.9244194,8.101313,-0.100455,8.000857,2763.9592,3298.7954,2983.515,0.19350365,0.07943521
train,1997,29,8.17105,8.205068,-0.106649384,8.098418,3537.0562,3659.4482,3289.2612,0.034602813,0.070056826
train,1998,29,8.203286,8.2222,-0.068245284,8.153955,3652.9348,3722.6846,3477.1057,0.01909417,0.048133653
train,1999,29,8.236654,8.255043,-0.03415871,8.220884,3776.8826,3846.9775,3717.7886,0.01855895,0.015646236
train,2000,29,8.317834,8.3054285,-0.01428517,8.291143,4096.2773,4045.7754,3988.3923,0.012328744,0.026337331
train,2001,29,8.403135,8.359019,-0.00034133764,8.358678,4461.0312,4268.507,4267.0493,0.04315693,0.043483652
train,2002,29,8.523428,8.457791,0.01731172,8.475103,5031.2715,4711.64,4793.9185,0.06352894,0.047175556
train,2003,29,8.613821,8.599102,0.033665244,8.632768,5507.252,5426.784,5612.591,0.014611239,0.019127302
train,2004,29,8.808043,8.79682,0.021348044,8.818168,6687.8154,6613.1787,6755.875,0.011160105,0.010176652
train,2005,29,8.990107,8.889269,0.012936404,8.902205,8023.312,7253.714,7348.162,0.09592026,0.084148526
train,2006,29,9.085354,9.003578,0.035611648,9.03919,8825.089,8132.1304,8426.951,0.078521416,0.045114297
train,2007,29,9.179299,9.111657,0.04124434,9.152902,9694.358,9060.297,9441.797,0.065405205,0.026052423
train,2008,29,9.230524,9.175901,0.04185084,9.217752,10203.887,9661.473,10074.396,0.053157594,0.012690285
train,2009,29,9.251518,9.180577,0.031567503,9.212145,10420.374,9706.755,10018.061,0.06848306,0.038608354
train,2010,29,9.319782,9.292716,0.03904624,9.331762,11156.552,10858.636,11291.012,0.026703235,0.012052108
train,2011,29,9.391698,9.373821,0.027099347,9.400921,11988.437,11776.028,12099.517,0.017717756,0.009265602
train,2012,29,9.422543,9.394808,0.02314287,9.417951,12363.979,12025.777,12307.333,0.027353749,0.004581495
train,2013,29,9.445307,9.429547,0.026192402,9.45574,12648.662,12450.889,12781.32,0.015635917,0.010487923
train,2014,29,9.471686,9.448049,0.02470196,9.472751,12986.77,12683.39,13000.599,0.023360688,0.0010648607
train,2015,29,9.52364,9.459053,0.030444114,9.489497,13679.309,12823.734,13220.146,0.062545136,0.033566177
train,2016,29,9.529365,9.482415,0.04893395,9.531349,13757.846,13126.852,13785.178,0.045864314,0.0019866505
train,2017,29,9.548457,9.493716,0.052344684,9.546061,14023.042,13276.04,13989.476,0.05326961,0.0023936608
train,2018,29,9.565379,9.518111,0.060194183,9.578305,14262.359,13603.892,14447.913,0.046168223,0.013010029
train,2019,29,9.588566,9.580722,0.06117997,9.641902,14596.92,14482.87,15396.6,0.007813279,0.054784138
train,2020,29,9.714518,9.563469,0.047170725,9.61064,16556.229,14235.142,14922.711,0.14019418,0.098664835
